<?xml version = '1.0' encoding = 'UTF-8'?>
<Diagram class="oracle.dbtools.crest.swingui.logical.DPVLogical" name="Logical" id="A0200C16-4774-A57D-6A7F-3392E15B4B67">
<createdBy>margo</createdBy>
<modifiedBy>margo</modifiedBy>
<createdTime>2020-10-27 23:24:23 UTC</createdTime>
<autoRoute>false</autoRoute>
<boxInbox>true</boxInbox>
<showLegend>false</showLegend>
<showLabels>false</showLabels>
<showRelAttributes>false</showRelAttributes>
<gridEnabled>false</gridEnabled>
<showGrid>false</showGrid>
<diagramColor>-1</diagramColor>
<display>false</display>
<notation>1</notation>
<objectViews>
<OView class="oracle.dbtools.crest.swingui.logical.TVEntity" oid="008FB4EB-057B-EB08-2B18-C651D761DACF" otype="Entity" vid="CDA98EA5-DEF0-FC4E-A9D3-06B78B2C0767">
<hideElementsInCurrentOnly>false</hideElementsInCurrentOnly>
<bounds x="2291" y="18" width="375" height="205"/>
</OView>
<OView class="oracle.dbtools.crest.swingui.logical.TVEntity" oid="0389637E-BE9B-664B-36BE-98BB2F60ABEF" otype="Entity" vid="FBEF474F-C9E1-02EE-5F12-69427442F982">
<hideElementsInCurrentOnly>false</hideElementsInCurrentOnly>
<bounds x="2569" y="464" width="388" height="284"/>
</OView>
<OView class="oracle.dbtools.crest.swingui.logical.TVEntity" oid="07035F81-D15C-F61D-5ADE-5E034200361F" otype="Entity" vid="4A5928CC-AF5E-6F96-E17E-C9EBDB2ED297">
<hideElementsInCurrentOnly>false</hideElementsInCurrentOnly>
<bounds x="422" y="35" width="240" height="167"/>
</OView>
<OView class="oracle.dbtools.crest.swingui.logical.TVEntity" oid="078536A5-C6F3-18F0-97E9-0317CCCD4A0E" otype="Entity" vid="E395EAC5-F7BA-5C2D-3D22-7F2D47FE3659">
<hideElementsInCurrentOnly>false</hideElementsInCurrentOnly>
<bounds x="1969" y="682" width="266" height="129"/>
</OView>
<OView class="oracle.dbtools.crest.swingui.logical.TVEntity" oid="095B9A22-B852-93F4-8BE3-23877C8322CC" otype="Entity" vid="8B29D4B9-564B-B090-B4DB-C24C89355C9D">
<hideElementsInCurrentOnly>false</hideElementsInCurrentOnly>
<bounds x="1480" y="506" width="243" height="166"/>
</OView>
<OView class="oracle.dbtools.crest.swingui.logical.TVEntity" oid="1435E526-A016-A50B-C759-33DFE8329275" otype="Entity" vid="FD4A92D4-50B7-2F8B-0D8C-7F0357345E2A">
<hideElementsInCurrentOnly>false</hideElementsInCurrentOnly>
<bounds x="23" y="344" width="256" height="181"/>
</OView>
<OView class="oracle.dbtools.crest.swingui.logical.TVEntity" oid="15D72654-CFBC-B007-A54C-37F5FD837F76" otype="Entity" vid="F0AE9632-02BF-D034-C415-1DD66FF84F80">
<hideElementsInCurrentOnly>false</hideElementsInCurrentOnly>
<bounds x="38" y="627" width="351" height="116"/>
</OView>
<OView class="oracle.dbtools.crest.swingui.logical.TVEntity" oid="38575944-233A-CC8E-83DE-75783E58B88B" otype="Entity" vid="9A6038A3-2D99-1B19-3F17-A2A1273D2FD5">
<hideElementsInCurrentOnly>false</hideElementsInCurrentOnly>
<bounds x="1737" y="248" width="356" height="250"/>
</OView>
<OView class="oracle.dbtools.crest.swingui.logical.TVEntity" oid="51301C4F-B873-5DA2-3493-CA493E745B4A" otype="Entity" vid="FAB5D114-175B-52D3-A9A8-590928CD1A4F">
<hideElementsInCurrentOnly>false</hideElementsInCurrentOnly>
<bounds x="63" y="45" width="281" height="206"/>
</OView>
<OView class="oracle.dbtools.crest.swingui.logical.TVEntity" oid="66462DF2-46CE-38B6-D8A7-298A008C9EC2" otype="Entity" vid="8C1817B5-53E0-4702-BCDD-74CB13B8F161">
<hideElementsInCurrentOnly>false</hideElementsInCurrentOnly>
<bounds x="2549" y="251" width="343" height="155"/>
</OView>
<OView class="oracle.dbtools.crest.swingui.logical.TVEntity" oid="6F1701EE-5286-E76E-DA7C-69A863629719" otype="Entity" vid="59CE576A-6055-DCC0-062E-383AF4C35C66">
<hideElementsInCurrentOnly>false</hideElementsInCurrentOnly>
<bounds x="1649" y="956" width="358" height="213"/>
</OView>
<OView class="oracle.dbtools.crest.swingui.logical.TVEntity" oid="76E4F1FA-1D77-7023-510E-2AFAECC2360C" otype="Entity" vid="D74AD747-6F6A-A817-39E5-A474A6E287F5">
<hideElementsInCurrentOnly>false</hideElementsInCurrentOnly>
<bounds x="751" y="50" width="369" height="158"/>
</OView>
<OView class="oracle.dbtools.crest.swingui.logical.TVEntity" oid="7B18BEAB-E294-F082-40E9-BF3F34650B79" otype="Entity" vid="371FCD8D-D8AA-A33C-9E40-67C898954B86">
<hideElementsInCurrentOnly>false</hideElementsInCurrentOnly>
<bounds x="1218" y="882" width="240" height="174"/>
</OView>
<OView class="oracle.dbtools.crest.swingui.logical.TVEntity" oid="8D5705FD-D3B1-B41C-3B49-200CCC04BF23" otype="Entity" vid="1EE83AE8-6E31-3C83-B070-0FB6D8E3016D">
<hideElementsInCurrentOnly>false</hideElementsInCurrentOnly>
<bounds x="1904" y="49" width="333" height="141"/>
</OView>
<OView class="oracle.dbtools.crest.swingui.logical.TVEntity" oid="955C7F60-3D27-AE1B-B547-2413CE0D47E0" otype="Entity" vid="45B87412-BCCD-8116-AFAB-62821A23E3CB">
<hideElementsInCurrentOnly>false</hideElementsInCurrentOnly>
<bounds x="2254" y="893" width="228" height="87"/>
</OView>
<OView class="oracle.dbtools.crest.swingui.logical.TVEntity" oid="AFEE8D6F-1758-DFBD-3867-11C4A76562B0" otype="Entity" vid="CC2B88E9-FDC2-9E57-1BBB-18EEF69DFDE2">
<hideElementsInCurrentOnly>false</hideElementsInCurrentOnly>
<bounds x="701" y="270" width="289" height="197"/>
</OView>
<OView class="oracle.dbtools.crest.swingui.logical.TVEntity" oid="C0B64C9E-A422-A84F-547E-F3BAFB82C23D" otype="Entity" vid="19A85D5F-640D-3039-B702-FF2B8A42BBD6">
<hideElementsInCurrentOnly>false</hideElementsInCurrentOnly>
<bounds x="472" y="719" width="337" height="267"/>
</OView>
<OView class="oracle.dbtools.crest.swingui.logical.TVEntity" oid="C729F73F-BA89-96D8-4E9B-FA545C210C11" otype="Entity" vid="0FF5B754-A3CF-F91A-E7EC-2FE1CB8A60AB">
<hideElementsInCurrentOnly>false</hideElementsInCurrentOnly>
<bounds x="1002" y="490" width="218" height="139"/>
</OView>
<OView class="oracle.dbtools.crest.swingui.logical.TVEntity" oid="D5A8FA82-9FC9-5AF3-4613-D9E105A59B34" otype="Entity" vid="5D574694-6089-5DF5-3FB2-551FA118DF4F">
<hideElementsInCurrentOnly>false</hideElementsInCurrentOnly>
<bounds x="864" y="760" width="246" height="91"/>
</OView>
<OView class="oracle.dbtools.crest.swingui.logical.TVEntity" oid="E91776D2-72FA-E722-3B51-2B1A4CD96A16" otype="Entity" vid="09A692F6-1015-089C-BC60-32B2652A8722">
<hideElementsInCurrentOnly>false</hideElementsInCurrentOnly>
<bounds x="2638" y="774" width="306" height="154"/>
</OView>
</objectViews>
<connectors>
<Connector class="oracle.dbtools.crest.swingui.logical.TVRelation" oid="01F3E69C-0DFF-5F86-77A2-80ACCDD581CA" otype="Relation" vid_source="371FCD8D-D8AA-A33C-9E40-67C898954B86" vid_target="59CE576A-6055-DCC0-062E-383AF4C35C66">
<hideElementsInCurrentOnly>false</hideElementsInCurrentOnly>
<backgroundColor>-16777216</backgroundColor>
<lineWidth>1</lineWidth>
<points>
<point x="1373" y="1056"/>
<point x="1373" y="1090"/>
<point x="1729" y="1090"/>
<point x="1729" y="1112"/>
</points>
</Connector>
<Connector class="oracle.dbtools.crest.swingui.logical.TVRelation" oid="0CEAFEC6-2C08-15BF-DA03-278A893C8CF3" otype="Relation" vid_source="9A6038A3-2D99-1B19-3F17-A2A1273D2FD5" vid_target="CDA98EA5-DEF0-FC4E-A9D3-06B78B2C0767">
<hideElementsInCurrentOnly>false</hideElementsInCurrentOnly>
<backgroundColor>-16777216</backgroundColor>
<lineWidth>1</lineWidth>
<points>
<point x="2093" y="274"/>
<point x="2382" y="274"/>
<point x="2382" y="223"/>
</points>
</Connector>
<Connector class="oracle.dbtools.crest.swingui.logical.TVRelation" oid="14559975-DF18-E658-DC82-7FCAA6A999C0" otype="Relation" vid_source="E395EAC5-F7BA-5C2D-3D22-7F2D47FE3659" vid_target="09A692F6-1015-089C-BC60-32B2652A8722">
<hideElementsInCurrentOnly>false</hideElementsInCurrentOnly>
<backgroundColor>-16777216</backgroundColor>
<lineWidth>1</lineWidth>
<points>
<point x="2235" y="792"/>
<point x="2638" y="792"/>
</points>
</Connector>
<Connector class="oracle.dbtools.crest.swingui.logical.TVRelation" oid="20B097DA-DB44-A20A-DCAE-6C3AE77683A7" otype="Relation" vid_source="45B87412-BCCD-8116-AFAB-62821A23E3CB" vid_target="59CE576A-6055-DCC0-062E-383AF4C35C66">
<hideElementsInCurrentOnly>false</hideElementsInCurrentOnly>
<backgroundColor>-16777216</backgroundColor>
<lineWidth>1</lineWidth>
<points>
<point x="2328" y="980"/>
<point x="2328" y="1082"/>
<point x="1776" y="1080"/>
<point x="1776" y="1122"/>
</points>
</Connector>
<Connector class="oracle.dbtools.crest.swingui.logical.TVRelation" oid="220123AA-F2AD-0200-3183-BB7A883A9261" otype="Relation" vid_source="4A5928CC-AF5E-6F96-E17E-C9EBDB2ED297" vid_target="D74AD747-6F6A-A817-39E5-A474A6E287F5">
<hideElementsInCurrentOnly>false</hideElementsInCurrentOnly>
<backgroundColor>-16777216</backgroundColor>
<lineWidth>1</lineWidth>
<points>
<point x="662" y="141"/>
<point x="751" y="141"/>
</points>
</Connector>
<Connector class="oracle.dbtools.crest.swingui.logical.TVRelation" oid="29018F7E-040E-32E4-E9E4-FDD65C01D9EF" otype="Relation" vid_source="19A85D5F-640D-3039-B702-FF2B8A42BBD6" vid_target="FBEF474F-C9E1-02EE-5F12-69427442F982">
<hideElementsInCurrentOnly>false</hideElementsInCurrentOnly>
<backgroundColor>-16777216</backgroundColor>
<lineWidth>1</lineWidth>
<points>
<point x="574" y="986"/>
<point x="574" y="1202"/>
<point x="3053" y="1205"/>
<point x="3052" y="562"/>
<point x="2957" y="562"/>
</points>
</Connector>
<Connector class="oracle.dbtools.crest.swingui.logical.TVRelation" oid="321EE44C-70A5-1CDA-A5C8-957ED0638A4A" otype="Relation" vid_source="9A6038A3-2D99-1B19-3F17-A2A1273D2FD5" vid_target="1EE83AE8-6E31-3C83-B070-0FB6D8E3016D">
<hideElementsInCurrentOnly>false</hideElementsInCurrentOnly>
<backgroundColor>-16777216</backgroundColor>
<lineWidth>1</lineWidth>
<points>
<point x="1832" y="248"/>
<point x="1832" y="91"/>
<point x="1904" y="91"/>
</points>
</Connector>
<Connector class="oracle.dbtools.crest.swingui.logical.TVRelation" oid="35ED3E4D-BA51-44B0-BE2A-FF9CF2BF1D2E" otype="Relation" vid_source="9A6038A3-2D99-1B19-3F17-A2A1273D2FD5" vid_target="8C1817B5-53E0-4702-BCDD-74CB13B8F161">
<hideElementsInCurrentOnly>false</hideElementsInCurrentOnly>
<backgroundColor>-16777216</backgroundColor>
<lineWidth>1</lineWidth>
<points>
<point x="2093" y="328"/>
<point x="2549" y="328"/>
</points>
</Connector>
<Connector class="oracle.dbtools.crest.swingui.logical.TVRelation" oid="3DFC15B2-8C6D-E79C-9863-2C3E80D9134E" otype="Relation" vid_source="0FF5B754-A3CF-F91A-E7EC-2FE1CB8A60AB" vid_target="CC2B88E9-FDC2-9E57-1BBB-18EEF69DFDE2">
<hideElementsInCurrentOnly>false</hideElementsInCurrentOnly>
<backgroundColor>-16777216</backgroundColor>
<lineWidth>1</lineWidth>
<points>
<point x="1095" y="490"/>
<point x="1095" y="322"/>
<point x="990" y="322"/>
</points>
</Connector>
<Connector class="oracle.dbtools.crest.swingui.logical.TVRelation" oid="3EBFCB8A-A3B9-5D5E-C793-7C21B446F674" otype="Relation" vid_source="E395EAC5-F7BA-5C2D-3D22-7F2D47FE3659" vid_target="FBEF474F-C9E1-02EE-5F12-69427442F982">
<hideElementsInCurrentOnly>false</hideElementsInCurrentOnly>
<backgroundColor>-16777216</backgroundColor>
<lineWidth>1</lineWidth>
<points>
<point x="2042" y="682"/>
<point x="2042" y="583"/>
<point x="2569" y="583"/>
</points>
</Connector>
<Connector class="oracle.dbtools.crest.swingui.logical.TVRelation" oid="5024079E-A73E-282A-AFF5-13874ED92788" otype="Relation" vid_source="0FF5B754-A3CF-F91A-E7EC-2FE1CB8A60AB" vid_target="8B29D4B9-564B-B090-B4DB-C24C89355C9D">
<hideElementsInCurrentOnly>false</hideElementsInCurrentOnly>
<backgroundColor>-16777216</backgroundColor>
<lineWidth>1</lineWidth>
<points>
<point x="1220" y="582"/>
<point x="1480" y="582"/>
</points>
</Connector>
<Connector class="oracle.dbtools.crest.swingui.logical.TVRelation" oid="62B81C42-56FA-35A9-5B8D-ED957BFF333E" otype="Relation" vid_source="371FCD8D-D8AA-A33C-9E40-67C898954B86" vid_target="9A6038A3-2D99-1B19-3F17-A2A1273D2FD5">
<hideElementsInCurrentOnly>false</hideElementsInCurrentOnly>
<backgroundColor>-16777216</backgroundColor>
<lineWidth>1</lineWidth>
<points>
<point x="1458" y="903"/>
<point x="1848" y="903"/>
<point x="1848" y="498"/>
</points>
</Connector>
<Connector class="oracle.dbtools.crest.swingui.logical.TVRelation" oid="7F7DD301-12BB-DADC-1893-4DA32D9DB033" otype="Relation" vid_source="FD4A92D4-50B7-2F8B-0D8C-7F0357345E2A" vid_target="CC2B88E9-FDC2-9E57-1BBB-18EEF69DFDE2">
<hideElementsInCurrentOnly>false</hideElementsInCurrentOnly>
<backgroundColor>-16777216</backgroundColor>
<lineWidth>1</lineWidth>
<points>
<point x="279" y="405"/>
<point x="701" y="405"/>
</points>
</Connector>
<Connector class="oracle.dbtools.crest.swingui.logical.TVRelation" oid="8C48572A-3D90-8476-F6D4-A0C13FA6EE95" otype="Relation" vid_source="0FF5B754-A3CF-F91A-E7EC-2FE1CB8A60AB" vid_target="371FCD8D-D8AA-A33C-9E40-67C898954B86">
<hideElementsInCurrentOnly>false</hideElementsInCurrentOnly>
<backgroundColor>-16777216</backgroundColor>
<lineWidth>1</lineWidth>
<points>
<point x="1127" y="629"/>
<point x="1127" y="891"/>
<point x="1218" y="891"/>
</points>
</Connector>
<Connector class="oracle.dbtools.crest.swingui.logical.TVRelation" oid="95EC4747-15CF-D53A-55CC-52D7F65AD397" otype="Relation" vid_source="5D574694-6089-5DF5-3FB2-551FA118DF4F" vid_target="19A85D5F-640D-3039-B702-FF2B8A42BBD6">
<hideElementsInCurrentOnly>false</hideElementsInCurrentOnly>
<backgroundColor>-16777216</backgroundColor>
<lineWidth>1</lineWidth>
<points>
<point x="973" y="851"/>
<point x="973" y="895"/>
<point x="635" y="894"/>
<point x="635" y="986"/>
</points>
</Connector>
<Connector class="oracle.dbtools.crest.swingui.logical.TVRelation" oid="9C139B6A-CCBF-187E-2E7A-D2D545753223" otype="Relation" vid_source="8B29D4B9-564B-B090-B4DB-C24C89355C9D" vid_target="FBEF474F-C9E1-02EE-5F12-69427442F982">
<hideElementsInCurrentOnly>false</hideElementsInCurrentOnly>
<backgroundColor>-16777216</backgroundColor>
<lineWidth>1</lineWidth>
<points>
<point x="1723" y="604"/>
<point x="2569" y="604"/>
</points>
</Connector>
<Connector class="oracle.dbtools.crest.swingui.logical.TVRelation" oid="A05C668F-B6BE-4D1D-CBC6-DFC16A4EE862" otype="Relation" vid_source="E395EAC5-F7BA-5C2D-3D22-7F2D47FE3659" vid_target="59CE576A-6055-DCC0-062E-383AF4C35C66">
<hideElementsInCurrentOnly>false</hideElementsInCurrentOnly>
<backgroundColor>-16777216</backgroundColor>
<lineWidth>1</lineWidth>
<points>
<point x="2088" y="811"/>
<point x="2088" y="985"/>
<point x="2007" y="985"/>
</points>
</Connector>
<Connector class="oracle.dbtools.crest.swingui.logical.TVRelation" oid="A4E24979-9D4D-7E9F-8085-20394C9B5B54" otype="Relation" vid_source="D74AD747-6F6A-A817-39E5-A474A6E287F5" vid_target="9A6038A3-2D99-1B19-3F17-A2A1273D2FD5">
<hideElementsInCurrentOnly>false</hideElementsInCurrentOnly>
<backgroundColor>-16777216</backgroundColor>
<lineWidth>1</lineWidth>
<points>
<point x="1120" y="132"/>
<point x="1763" y="132"/>
<point x="1763" y="248"/>
</points>
</Connector>
<Connector class="oracle.dbtools.crest.swingui.logical.TVRelation" oid="ADE2EE64-5014-28FD-F5F3-7D0EBDE2DF1A" otype="Relation" vid_source="FD4A92D4-50B7-2F8B-0D8C-7F0357345E2A" vid_target="F0AE9632-02BF-D034-C415-1DD66FF84F80">
<hideElementsInCurrentOnly>false</hideElementsInCurrentOnly>
<backgroundColor>-16777216</backgroundColor>
<lineWidth>1</lineWidth>
<points>
<point x="158" y="525"/>
<point x="158" y="627"/>
</points>
</Connector>
<Connector class="oracle.dbtools.crest.swingui.logical.TVRelation" oid="C9F4414A-30B3-DC8B-A3F2-EF0CE64563CB" otype="Relation" vid_source="8B29D4B9-564B-B090-B4DB-C24C89355C9D" vid_target="9A6038A3-2D99-1B19-3F17-A2A1273D2FD5">
<hideElementsInCurrentOnly>false</hideElementsInCurrentOnly>
<backgroundColor>-16777216</backgroundColor>
<lineWidth>1</lineWidth>
<points>
<point x="1604" y="506"/>
<point x="1604" y="304"/>
<point x="1737" y="304"/>
</points>
</Connector>
<Connector class="oracle.dbtools.crest.swingui.logical.TVRelation" oid="CD94FF93-FB96-7305-62EE-E358D63887E2" otype="Relation" vid_source="4A5928CC-AF5E-6F96-E17E-C9EBDB2ED297" vid_target="F0AE9632-02BF-D034-C415-1DD66FF84F80">
<hideElementsInCurrentOnly>false</hideElementsInCurrentOnly>
<backgroundColor>-16777216</backgroundColor>
<lineWidth>1</lineWidth>
<points>
<point x="433" y="202"/>
<point x="266" y="627"/>
</points>
</Connector>
<Connector class="oracle.dbtools.crest.swingui.logical.TVRelation" oid="DDCDB12E-C09D-6F51-5562-94C3872D6171" otype="Relation" vid_source="8B29D4B9-564B-B090-B4DB-C24C89355C9D" vid_target="59CE576A-6055-DCC0-062E-383AF4C35C66">
<hideElementsInCurrentOnly>false</hideElementsInCurrentOnly>
<backgroundColor>-16777216</backgroundColor>
<lineWidth>1</lineWidth>
<points>
<point x="1701" y="672"/>
<point x="1701" y="956"/>
</points>
</Connector>
<Connector class="oracle.dbtools.crest.swingui.logical.TVRelation" oid="DF3A228D-2F0A-EA4A-5AB2-58C94DF2E8B9" otype="Relation" vid_source="0FF5B754-A3CF-F91A-E7EC-2FE1CB8A60AB" vid_target="19A85D5F-640D-3039-B702-FF2B8A42BBD6">
<hideElementsInCurrentOnly>false</hideElementsInCurrentOnly>
<backgroundColor>-16777216</backgroundColor>
<lineWidth>1</lineWidth>
<points>
<point x="1002" y="571"/>
<point x="609" y="571"/>
<point x="609" y="719"/>
</points>
</Connector>
<Connector class="oracle.dbtools.crest.swingui.logical.TVRelation" oid="F51CD63C-1DA6-7770-21EA-679C5237CB79" otype="Relation" vid_source="FD4A92D4-50B7-2F8B-0D8C-7F0357345E2A" vid_target="FAB5D114-175B-52D3-A9A8-590928CD1A4F">
<hideElementsInCurrentOnly>false</hideElementsInCurrentOnly>
<backgroundColor>-16777216</backgroundColor>
<lineWidth>1</lineWidth>
<points>
<point x="171" y="344"/>
<point x="171" y="251"/>
</points>
</Connector>
<Connector class="oracle.dbtools.crest.swingui.logical.TVRelation" oid="FBE7A482-AD1D-1516-EDAD-C28C7B5F9E87" otype="Relation" vid_source="09A692F6-1015-089C-BC60-32B2652A8722" vid_target="FBEF474F-C9E1-02EE-5F12-69427442F982">
<hideElementsInCurrentOnly>false</hideElementsInCurrentOnly>
<backgroundColor>-16777216</backgroundColor>
<lineWidth>1</lineWidth>
<points>
<point x="2791" y="774"/>
<point x="2791" y="748"/>
</points>
</Connector>
</connectors>
</Diagram>