<?xml version = '1.0' encoding = 'UTF-8'?>
<Entity class="oracle.dbtools.crest.model.design.logical.Entity" directorySegmentName="seg_0" id="0389637E-BE9B-664B-36BE-98BB2F60ABEF" name="EXPED">
<createdBy>margo</createdBy>
<createdTime>2020-10-28 00:15:28 UTC</createdTime>
<ownerDesignName>ERLOGICOFINAL</ownerDesignName>
<engineerTo>
<item key="271544BB-9148-818F-A78B-8B15D2459307" value="true"/>
</engineerTo>
<adequatelyNormalized>NO</adequatelyNormalized>
<expectedVolumes>0</expectedVolumes>
<fwdEngineeringStrategyName>Single Table</fwdEngineeringStrategyName>
<growthPercent>0</growthPercent>
<growthType>Year</growthType>
<maxVolumes>9999999</maxVolumes>
<minVolumes>0</minVolumes>
<normalForm>Third</normalForm>
<attributes itemClass="oracle.dbtools.crest.model.design.logical.Attribute">
<Attribute name="ID EXPEDIENTE" id="989A9B22-3C4F-5A63-75D8-F6C86839FD5C">
<createdBy>margo</createdBy>
<createdTime>2020-10-28 00:15:38 UTC</createdTime>
<ownerDesignName>ERLOGICOFINAL</ownerDesignName>
<engineerTo>
<item key="271544BB-9148-818F-A78B-8B15D2459307" value="true"/>
</engineerTo>
<useDomainConstraints>false</useDomainConstraints>
<use>1</use>
<logicalDatatype>LOGDT011</logicalDatatype>
<ownDataTypeParameters>,,</ownDataTypeParameters>
</Attribute>
<Attribute name="EDAD" id="3FAAD4A4-58F7-A2B4-4FC6-3D6071575ED3">
<createdBy>margo</createdBy>
<createdTime>2020-10-28 00:15:38 UTC</createdTime>
<ownerDesignName>ERLOGICOFINAL</ownerDesignName>
<engineerTo>
<item key="271544BB-9148-818F-A78B-8B15D2459307" value="true"/>
</engineerTo>
<nullsAllowed>true</nullsAllowed>
<useDomainConstraints>false</useDomainConstraints>
<use>1</use>
<logicalDatatype>LOGDT024</logicalDatatype>
<dataTypeSize>4</dataTypeSize>
<ownDataTypeParameters>4,,</ownDataTypeParameters>
</Attribute>
<Attribute name="PESO" id="6385012C-9150-A16D-69F8-E660FD95C839">
<createdBy>margo</createdBy>
<createdTime>2020-10-28 00:15:38 UTC</createdTime>
<ownerDesignName>ERLOGICOFINAL</ownerDesignName>
<engineerTo>
<item key="271544BB-9148-818F-A78B-8B15D2459307" value="true"/>
</engineerTo>
<nullsAllowed>true</nullsAllowed>
<useDomainConstraints>false</useDomainConstraints>
<use>1</use>
<logicalDatatype>LOGDT024</logicalDatatype>
<dataTypeSize>5</dataTypeSize>
<ownDataTypeParameters>5,,</ownDataTypeParameters>
</Attribute>
<Attribute name="TAMAÑO" id="8FA2EB9A-FC11-31DA-8AF3-E5A47FB635F3">
<createdBy>margo</createdBy>
<createdTime>2020-10-28 00:15:38 UTC</createdTime>
<ownerDesignName>ERLOGICOFINAL</ownerDesignName>
<engineerTo>
<item key="271544BB-9148-818F-A78B-8B15D2459307" value="true"/>
</engineerTo>
<nullsAllowed>true</nullsAllowed>
<useDomainConstraints>false</useDomainConstraints>
<use>1</use>
<logicalDatatype>LOGDT024</logicalDatatype>
<dataTypeSize>10</dataTypeSize>
<ownDataTypeParameters>10,,</ownDataTypeParameters>
</Attribute>
<Attribute name="TIPO SANGRE" id="BE94A05C-52F3-680D-C836-211BE756EF92">
<createdBy>margo</createdBy>
<createdTime>2020-10-28 00:15:38 UTC</createdTime>
<ownerDesignName>ERLOGICOFINAL</ownerDesignName>
<engineerTo>
<item key="271544BB-9148-818F-A78B-8B15D2459307" value="true"/>
</engineerTo>
<nullsAllowed>true</nullsAllowed>
<useDomainConstraints>false</useDomainConstraints>
<use>1</use>
<logicalDatatype>LOGDT024</logicalDatatype>
<dataTypeSize>5</dataTypeSize>
<ownDataTypeParameters>5,,</ownDataTypeParameters>
</Attribute>
<Attribute name="GENERO" id="448A72AA-034C-3B57-C777-AC6AF8FEE8F9">
<createdBy>margo</createdBy>
<createdTime>2020-10-28 00:15:38 UTC</createdTime>
<ownerDesignName>ERLOGICOFINAL</ownerDesignName>
<engineerTo>
<item key="271544BB-9148-818F-A78B-8B15D2459307" value="true"/>
</engineerTo>
<nullsAllowed>true</nullsAllowed>
<useDomainConstraints>false</useDomainConstraints>
<use>1</use>
<logicalDatatype>LOGDT024</logicalDatatype>
<dataTypeSize>1</dataTypeSize>
<ownDataTypeParameters>1,,</ownDataTypeParameters>
</Attribute>
<Attribute name="ALERGICO" id="E47CEF76-6095-7E87-7792-667D3A9F3703">
<createdBy>margo</createdBy>
<createdTime>2020-10-28 00:16:04 UTC</createdTime>
<ownerDesignName>ERLOGICOFINAL</ownerDesignName>
<engineerTo>
<item key="271544BB-9148-818F-A78B-8B15D2459307" value="true"/>
</engineerTo>
<nullsAllowed>true</nullsAllowed>
<useDomainConstraints>false</useDomainConstraints>
<use>1</use>
<logicalDatatype>LOGDT024</logicalDatatype>
<dataTypeSize>20</dataTypeSize>
<ownDataTypeParameters>20,,</ownDataTypeParameters>
</Attribute>
<Attribute name="OTRA ENFERMEDAD" id="E03D192E-FF1B-17DE-3A02-8FD46D50E6DD">
<createdBy>margo</createdBy>
<createdTime>2020-10-28 00:16:04 UTC</createdTime>
<ownerDesignName>ERLOGICOFINAL</ownerDesignName>
<engineerTo>
<item key="271544BB-9148-818F-A78B-8B15D2459307" value="true"/>
</engineerTo>
<nullsAllowed>true</nullsAllowed>
<useDomainConstraints>false</useDomainConstraints>
<use>1</use>
<logicalDatatype>LOGDT024</logicalDatatype>
<dataTypeSize>50</dataTypeSize>
<ownDataTypeParameters>50,,</ownDataTypeParameters>
</Attribute>
<Attribute name="CLIENTE ID CLIENTE" id="64807DF0-C388-E573-E396-457E89193123">
<createdBy>margo</createdBy>
<createdTime>2020-10-28 00:17:47 UTC</createdTime>
<generatorID>3EBFCB8A-A3B9-5D5E-C793-7C21B446F674</generatorID>
<ownerDesignName>ERLOGICOFINAL</ownerDesignName>
<engineerTo>
<item key="271544BB-9148-818F-A78B-8B15D2459307" value="true"/>
</engineerTo>
<referedAttribute>E6B31B8D-713E-E926-4A0A-86836611D63A</referedAttribute>
<useDomainConstraints>false</useDomainConstraints>
<use>1</use>
<logicalDatatype>LOGDT011</logicalDatatype>
<ownDataTypeParameters>,,</ownDataTypeParameters>
</Attribute>
<Attribute name="ID SIGNO VITAL" id="7C4607F0-79C8-FE76-860F-35C818D610E3">
<createdBy>margo</createdBy>
<createdTime>2020-10-28 00:18:21 UTC</createdTime>
<generatorID>FBE7A482-AD1D-1516-EDAD-C28C7B5F9E87</generatorID>
<ownerDesignName>ERLOGICOFINAL</ownerDesignName>
<engineerTo>
<item key="271544BB-9148-818F-A78B-8B15D2459307" value="true"/>
</engineerTo>
<referedAttribute>08783755-2382-3EBD-81CF-B33511E6B0A3</referedAttribute>
<useDomainConstraints>false</useDomainConstraints>
<use>1</use>
<logicalDatatype>LOGDT011</logicalDatatype>
<ownDataTypeParameters>,,</ownDataTypeParameters>
</Attribute>
<Attribute name="CLINICA ID CLINICA" id="2D99C211-AB28-AE07-AA87-F7DE89217168">
<createdBy>margo</createdBy>
<createdTime>2020-10-28 00:18:50 UTC</createdTime>
<generatorID>9C139B6A-CCBF-187E-2E7A-D2D545753223</generatorID>
<ownerDesignName>ERLOGICOFINAL</ownerDesignName>
<engineerTo>
<item key="271544BB-9148-818F-A78B-8B15D2459307" value="true"/>
</engineerTo>
<referedAttribute>96DC349A-EFEA-1821-7F74-EEBD5323EA15</referedAttribute>
<useDomainConstraints>false</useDomainConstraints>
<use>1</use>
<logicalDatatype>LOGDT011</logicalDatatype>
<ownDataTypeParameters>,,</ownDataTypeParameters>
</Attribute>
<Attribute name="EMPLEADO ID EMPLEADO" id="991D6430-F8E6-5223-CEDF-3F7D03246B57">
<createdBy>margo</createdBy>
<createdTime>2020-10-28 00:19:23 UTC</createdTime>
<generatorID>29018F7E-040E-32E4-E9E4-FDD65C01D9EF</generatorID>
<ownerDesignName>ERLOGICOFINAL</ownerDesignName>
<engineerTo>
<item key="271544BB-9148-818F-A78B-8B15D2459307" value="true"/>
</engineerTo>
<referedAttribute>51048387-7D42-6EAF-DB06-693E3D783E16</referedAttribute>
<useDomainConstraints>false</useDomainConstraints>
<use>1</use>
<logicalDatatype>LOGDT011</logicalDatatype>
<ownDataTypeParameters>,,</ownDataTypeParameters>
</Attribute>
</attributes>
<identifiers itemClass="oracle.dbtools.crest.model.design.logical.CandidateKey">
<identifier id="CF9FB3C0-2A55-EEB3-BF99-BDF4CD455593" name="EXPED PK">
<createdBy>margo</createdBy>
<createdTime>2020-10-28 00:16:25 UTC</createdTime>
<ownerDesignName>ERLOGICOFINAL</ownerDesignName>
<engineerTo>
<item key="271544BB-9148-818F-A78B-8B15D2459307" value="true"/>
</engineerTo>
<pk>true</pk>
<usedAttributes>
<attributeRef>989A9B22-3C4F-5A63-75D8-F6C86839FD5C</attributeRef>
</usedAttributes>
</identifier>
</identifiers>
</Entity>