<?xml version = '1.0' encoding = 'UTF-8'?>
<Entity class="oracle.dbtools.crest.model.design.logical.Entity" directorySegmentName="seg_0" id="15D72654-CFBC-B007-A54C-37F5FD837F76" name="INGR INSUMO">
<createdBy>margo</createdBy>
<createdTime>2020-10-27 23:28:58 UTC</createdTime>
<ownerDesignName>ERLOGICOFINAL</ownerDesignName>
<engineerTo>
<item key="271544BB-9148-818F-A78B-8B15D2459307" value="true"/>
</engineerTo>
<adequatelyNormalized>NO</adequatelyNormalized>
<expectedVolumes>0</expectedVolumes>
<fwdEngineeringStrategyName>Single Table</fwdEngineeringStrategyName>
<growthPercent>0</growthPercent>
<growthType>Year</growthType>
<maxVolumes>9999999</maxVolumes>
<minVolumes>0</minVolumes>
<normalForm>Third</normalForm>
<attributes itemClass="oracle.dbtools.crest.model.design.logical.Attribute">
<Attribute name="ID INGR INSUMO" id="85722A21-6D62-1C5F-9671-A5C5183F72B4">
<createdBy>margo</createdBy>
<createdTime>2020-10-27 23:29:07 UTC</createdTime>
<ownerDesignName>ERLOGICOFINAL</ownerDesignName>
<engineerTo>
<item key="271544BB-9148-818F-A78B-8B15D2459307" value="true"/>
</engineerTo>
<useDomainConstraints>false</useDomainConstraints>
<use>1</use>
<logicalDatatype>LOGDT011</logicalDatatype>
<ownDataTypeParameters>,,</ownDataTypeParameters>
</Attribute>
<Attribute name="CANTIDAD" id="92C51DBB-3B63-1B96-66A0-C2B74D8FEB0C">
<createdBy>margo</createdBy>
<createdTime>2020-10-27 23:29:07 UTC</createdTime>
<ownerDesignName>ERLOGICOFINAL</ownerDesignName>
<engineerTo>
<item key="271544BB-9148-818F-A78B-8B15D2459307" value="true"/>
</engineerTo>
<nullsAllowed>true</nullsAllowed>
<useDomainConstraints>false</useDomainConstraints>
<use>1</use>
<logicalDatatype>LOGDT024</logicalDatatype>
<dataTypeSize>100</dataTypeSize>
<ownDataTypeParameters>100,,</ownDataTypeParameters>
</Attribute>
<Attribute name="PRECIO COMPRA" id="B2B2AE27-96B9-C1D1-6574-2FA852E19DA3">
<createdBy>margo</createdBy>
<createdTime>2020-10-27 23:29:07 UTC</createdTime>
<ownerDesignName>ERLOGICOFINAL</ownerDesignName>
<engineerTo>
<item key="271544BB-9148-818F-A78B-8B15D2459307" value="true"/>
</engineerTo>
<nullsAllowed>true</nullsAllowed>
<useDomainConstraints>false</useDomainConstraints>
<use>1</use>
<logicalDatatype>LOGDT026</logicalDatatype>
<dataTypePrecision>17</dataTypePrecision>
<dataTypeScale>2</dataTypeScale>
<ownDataTypeParameters>,17,2</ownDataTypeParameters>
</Attribute>
<Attribute name="NO FACTURA" id="F34D14C3-6190-7022-33C9-4F325D2C2BB7">
<createdBy>margo</createdBy>
<createdTime>2020-10-27 23:29:07 UTC</createdTime>
<ownerDesignName>ERLOGICOFINAL</ownerDesignName>
<engineerTo>
<item key="271544BB-9148-818F-A78B-8B15D2459307" value="true"/>
</engineerTo>
<nullsAllowed>true</nullsAllowed>
<useDomainConstraints>false</useDomainConstraints>
<use>1</use>
<logicalDatatype>LOGDT024</logicalDatatype>
<dataTypeSize>100</dataTypeSize>
<ownDataTypeParameters>100,,</ownDataTypeParameters>
</Attribute>
<Attribute name="FECHA INGRESO" id="B25256A3-0FA0-7454-9406-23EB6DF0A0D2">
<createdBy>margo</createdBy>
<createdTime>2020-10-27 23:29:07 UTC</createdTime>
<ownerDesignName>ERLOGICOFINAL</ownerDesignName>
<engineerTo>
<item key="271544BB-9148-818F-A78B-8B15D2459307" value="true"/>
</engineerTo>
<nullsAllowed>true</nullsAllowed>
<useDomainConstraints>false</useDomainConstraints>
<use>1</use>
<logicalDatatype>LOGDT007</logicalDatatype>
<ownDataTypeParameters>,,</ownDataTypeParameters>
</Attribute>
<Attribute name="BODEGA ID BODEGA" id="CB23F6A5-3524-DF95-23A5-4A0171516214">
<createdBy>margo</createdBy>
<createdTime>2020-10-27 23:37:42 UTC</createdTime>
<generatorID>ADE2EE64-5014-28FD-F5F3-7D0EBDE2DF1A</generatorID>
<ownerDesignName>ERLOGICOFINAL</ownerDesignName>
<engineerTo>
<item key="271544BB-9148-818F-A78B-8B15D2459307" value="true"/>
</engineerTo>
<referedAttribute>E6EB69B2-E8E7-0E7A-6EEF-AD2E8FEE4060</referedAttribute>
<useDomainConstraints>false</useDomainConstraints>
<use>1</use>
<logicalDatatype>LOGDT011</logicalDatatype>
<ownDataTypeParameters>,,</ownDataTypeParameters>
</Attribute>
<Attribute name="ID PROVEEDOR" id="B8471151-5FAC-7FC0-D27C-35C43A590BB9">
<createdBy>margo</createdBy>
<createdTime>2020-10-27 23:37:57 UTC</createdTime>
<generatorID>CD94FF93-FB96-7305-62EE-E358D63887E2</generatorID>
<ownerDesignName>ERLOGICOFINAL</ownerDesignName>
<engineerTo>
<item key="271544BB-9148-818F-A78B-8B15D2459307" value="true"/>
</engineerTo>
<referedAttribute>A463E814-F3BB-C4B2-C68A-A93DD8F484F8</referedAttribute>
<useDomainConstraints>false</useDomainConstraints>
<use>1</use>
<logicalDatatype>LOGDT011</logicalDatatype>
<ownDataTypeParameters>,,</ownDataTypeParameters>
</Attribute>
</attributes>
<identifiers itemClass="oracle.dbtools.crest.model.design.logical.CandidateKey">
<identifier id="33D94210-C187-DE84-5C02-DB8337BFA808" name="INGR_INSUMO_PK">
<createdBy>margo</createdBy>
<createdTime>2020-10-27 23:29:33 UTC</createdTime>
<ownerDesignName>ERLOGICOFINAL</ownerDesignName>
<engineerTo>
<item key="271544BB-9148-818F-A78B-8B15D2459307" value="true"/>
</engineerTo>
<pk>true</pk>
<usedAttributes>
<attributeRef>85722A21-6D62-1C5F-9671-A5C5183F72B4</attributeRef>
</usedAttributes>
</identifier>
</identifiers>
</Entity>