<?xml version = '1.0' encoding = 'UTF-8'?>
<Entity class="oracle.dbtools.crest.model.design.logical.Entity" directorySegmentName="seg_0" id="38575944-233A-CC8E-83DE-75783E58B88B" name="CAJA">
<createdBy>margo</createdBy>
<createdTime>2020-10-27 23:53:58 UTC</createdTime>
<ownerDesignName>ERLOGICOFINAL</ownerDesignName>
<engineerTo>
<item key="271544BB-9148-818F-A78B-8B15D2459307" value="true"/>
</engineerTo>
<adequatelyNormalized>NO</adequatelyNormalized>
<expectedVolumes>0</expectedVolumes>
<fwdEngineeringStrategyName>Single Table</fwdEngineeringStrategyName>
<growthPercent>0</growthPercent>
<growthType>Year</growthType>
<maxVolumes>9999999</maxVolumes>
<minVolumes>0</minVolumes>
<normalForm>Third</normalForm>
<attributes itemClass="oracle.dbtools.crest.model.design.logical.Attribute">
<Attribute name="ID CAJA" id="E872518F-C93C-21AB-7CC0-38538F70E748">
<createdBy>margo</createdBy>
<createdTime>2020-10-27 23:54:04 UTC</createdTime>
<ownerDesignName>ERLOGICOFINAL</ownerDesignName>
<engineerTo>
<item key="271544BB-9148-818F-A78B-8B15D2459307" value="true"/>
</engineerTo>
<useDomainConstraints>false</useDomainConstraints>
<use>1</use>
<logicalDatatype>LOGDT011</logicalDatatype>
<ownDataTypeParameters>,,</ownDataTypeParameters>
</Attribute>
<Attribute name="CANTIDAD" id="5AD3AB04-87B1-7A91-E9A8-7288CDD01288">
<createdBy>margo</createdBy>
<createdTime>2020-10-27 23:54:04 UTC</createdTime>
<ownerDesignName>ERLOGICOFINAL</ownerDesignName>
<engineerTo>
<item key="271544BB-9148-818F-A78B-8B15D2459307" value="true"/>
</engineerTo>
<nullsAllowed>true</nullsAllowed>
<useDomainConstraints>false</useDomainConstraints>
<use>1</use>
<logicalDatatype>LOGDT024</logicalDatatype>
<dataTypeSize>100</dataTypeSize>
<ownDataTypeParameters>100,,</ownDataTypeParameters>
</Attribute>
<Attribute name="MONTO UNITARIO" id="CE5D7754-414C-BE5E-D172-4E1A3606CA54">
<createdBy>margo</createdBy>
<createdTime>2020-10-27 23:54:04 UTC</createdTime>
<ownerDesignName>ERLOGICOFINAL</ownerDesignName>
<engineerTo>
<item key="271544BB-9148-818F-A78B-8B15D2459307" value="true"/>
</engineerTo>
<nullsAllowed>true</nullsAllowed>
<useDomainConstraints>false</useDomainConstraints>
<use>1</use>
<logicalDatatype>LOGDT026</logicalDatatype>
<dataTypePrecision>17</dataTypePrecision>
<dataTypeScale>2</dataTypeScale>
<ownDataTypeParameters>,17,2</ownDataTypeParameters>
</Attribute>
<Attribute name="DESCUENTO" id="E64A89FF-1273-60D9-D47A-F755A83BCFC4">
<createdBy>margo</createdBy>
<createdTime>2020-10-27 23:54:04 UTC</createdTime>
<ownerDesignName>ERLOGICOFINAL</ownerDesignName>
<engineerTo>
<item key="271544BB-9148-818F-A78B-8B15D2459307" value="true"/>
</engineerTo>
<nullsAllowed>true</nullsAllowed>
<useDomainConstraints>false</useDomainConstraints>
<use>1</use>
<logicalDatatype>LOGDT026</logicalDatatype>
<dataTypePrecision>17</dataTypePrecision>
<dataTypeScale>2</dataTypeScale>
<ownDataTypeParameters>,17,2</ownDataTypeParameters>
</Attribute>
<Attribute name="MONTO TOTAL" id="41F993A6-E768-1DC5-AA42-BAE918AF0BAB">
<createdBy>margo</createdBy>
<createdTime>2020-10-27 23:54:04 UTC</createdTime>
<ownerDesignName>ERLOGICOFINAL</ownerDesignName>
<engineerTo>
<item key="271544BB-9148-818F-A78B-8B15D2459307" value="true"/>
</engineerTo>
<nullsAllowed>true</nullsAllowed>
<useDomainConstraints>false</useDomainConstraints>
<use>1</use>
<logicalDatatype>LOGDT026</logicalDatatype>
<dataTypePrecision>17</dataTypePrecision>
<dataTypeScale>2</dataTypeScale>
<ownDataTypeParameters>,17,2</ownDataTypeParameters>
</Attribute>
<Attribute name="CANCELADO" id="B61B7BA4-232D-D8CF-E21A-C9534F1F61F7">
<createdBy>margo</createdBy>
<createdTime>2020-10-27 23:54:41 UTC</createdTime>
<ownerDesignName>ERLOGICOFINAL</ownerDesignName>
<engineerTo>
<item key="271544BB-9148-818F-A78B-8B15D2459307" value="true"/>
</engineerTo>
<nullsAllowed>true</nullsAllowed>
<useDomainConstraints>false</useDomainConstraints>
<use>1</use>
<logicalDatatype>LOGDT026</logicalDatatype>
<dataTypePrecision>17</dataTypePrecision>
<dataTypeScale>2</dataTypeScale>
<ownDataTypeParameters>,17,2</ownDataTypeParameters>
</Attribute>
<Attribute name="FECHA" id="A3E02BE4-18ED-5FD8-2FDF-BDCC4E3FE452">
<createdBy>margo</createdBy>
<createdTime>2020-10-27 23:54:41 UTC</createdTime>
<ownerDesignName>ERLOGICOFINAL</ownerDesignName>
<engineerTo>
<item key="271544BB-9148-818F-A78B-8B15D2459307" value="true"/>
</engineerTo>
<nullsAllowed>true</nullsAllowed>
<useDomainConstraints>false</useDomainConstraints>
<use>1</use>
<logicalDatatype>LOGDT007</logicalDatatype>
<ownDataTypeParameters>,,</ownDataTypeParameters>
</Attribute>
<Attribute name="NIT" id="B6BC082A-C76D-6E63-66FC-C86408EC38C8">
<createdBy>margo</createdBy>
<createdTime>2020-10-27 23:54:41 UTC</createdTime>
<ownerDesignName>ERLOGICOFINAL</ownerDesignName>
<engineerTo>
<item key="271544BB-9148-818F-A78B-8B15D2459307" value="true"/>
</engineerTo>
<nullsAllowed>true</nullsAllowed>
<useDomainConstraints>false</useDomainConstraints>
<use>1</use>
<logicalDatatype>LOGDT024</logicalDatatype>
<dataTypeSize>10</dataTypeSize>
<ownDataTypeParameters>10,,</ownDataTypeParameters>
</Attribute>
<Attribute name="ESTADO CAJA" id="53294370-EA21-5870-091E-6E426972126A">
<createdBy>margo</createdBy>
<createdTime>2020-10-27 23:54:58 UTC</createdTime>
<ownerDesignName>ERLOGICOFINAL</ownerDesignName>
<engineerTo>
<item key="271544BB-9148-818F-A78B-8B15D2459307" value="true"/>
</engineerTo>
<nullsAllowed>true</nullsAllowed>
<useDomainConstraints>false</useDomainConstraints>
<use>1</use>
<logicalDatatype>LOGDT024</logicalDatatype>
<dataTypeSize>100</dataTypeSize>
<ownDataTypeParameters>100,,</ownDataTypeParameters>
</Attribute>
<Attribute name="ID CLINICA" id="28A79C4D-A044-3A7A-BE9A-F86A8550A2CC">
<createdBy>margo</createdBy>
<createdTime>2020-10-28 00:06:00 UTC</createdTime>
<generatorID>C9F4414A-30B3-DC8B-A3F2-EF0CE64563CB</generatorID>
<ownerDesignName>ERLOGICOFINAL</ownerDesignName>
<engineerTo>
<item key="271544BB-9148-818F-A78B-8B15D2459307" value="true"/>
</engineerTo>
<referedAttribute>96DC349A-EFEA-1821-7F74-EEBD5323EA15</referedAttribute>
<useDomainConstraints>false</useDomainConstraints>
<use>1</use>
<logicalDatatype>LOGDT011</logicalDatatype>
<ownDataTypeParameters>,,</ownDataTypeParameters>
</Attribute>
<Attribute name="ID LABO" id="785D9C33-F437-C3D3-0514-DF786D310FEB">
<createdBy>margo</createdBy>
<createdTime>2020-10-28 00:06:55 UTC</createdTime>
<generatorID>62B81C42-56FA-35A9-5B8D-ED957BFF333E</generatorID>
<ownerDesignName>ERLOGICOFINAL</ownerDesignName>
<engineerTo>
<item key="271544BB-9148-818F-A78B-8B15D2459307" value="true"/>
</engineerTo>
<referedAttribute>88CF5478-A5C2-AD85-964E-964E657AEB61</referedAttribute>
<useDomainConstraints>false</useDomainConstraints>
<use>1</use>
<logicalDatatype>LOGDT011</logicalDatatype>
<ownDataTypeParameters>,,</ownDataTypeParameters>
</Attribute>
<Attribute name="ID CUENT A PAG" id="C42B0C57-DC8A-5A17-85FC-5232B54C8727">
<createdBy>margo</createdBy>
<createdTime>2020-10-28 00:07:12 UTC</createdTime>
<generatorID>A4E24979-9D4D-7E9F-8085-20394C9B5B54</generatorID>
<ownerDesignName>ERLOGICOFINAL</ownerDesignName>
<engineerTo>
<item key="271544BB-9148-818F-A78B-8B15D2459307" value="true"/>
</engineerTo>
<referedAttribute>EAA4E8E4-D922-3D70-327E-737E555FB3C5</referedAttribute>
<useDomainConstraints>false</useDomainConstraints>
<use>1</use>
<logicalDatatype>LOGDT011</logicalDatatype>
<ownDataTypeParameters>,,</ownDataTypeParameters>
</Attribute>
</attributes>
<identifiers itemClass="oracle.dbtools.crest.model.design.logical.CandidateKey">
<identifier id="EC78FE3A-A583-9A9C-E663-118F2A898B8D" name="CAJA PK">
<createdBy>margo</createdBy>
<createdTime>2020-10-27 23:55:05 UTC</createdTime>
<ownerDesignName>ERLOGICOFINAL</ownerDesignName>
<engineerTo>
<item key="271544BB-9148-818F-A78B-8B15D2459307" value="true"/>
</engineerTo>
<pk>true</pk>
<usedAttributes>
<attributeRef>E872518F-C93C-21AB-7CC0-38538F70E748</attributeRef>
</usedAttributes>
</identifier>
</identifiers>
</Entity>