<?xml version = '1.0' encoding = 'UTF-8'?>
<Entity class="oracle.dbtools.crest.model.design.logical.Entity" directorySegmentName="seg_0" id="6F1701EE-5286-E76E-DA7C-69A863629719" name="CITA">
<createdBy>margo</createdBy>
<createdTime>2020-10-27 23:50:56 UTC</createdTime>
<ownerDesignName>ERLOGICOFINAL</ownerDesignName>
<engineerTo>
<item key="271544BB-9148-818F-A78B-8B15D2459307" value="true"/>
</engineerTo>
<adequatelyNormalized>NO</adequatelyNormalized>
<expectedVolumes>0</expectedVolumes>
<fwdEngineeringStrategyName>Single Table</fwdEngineeringStrategyName>
<growthPercent>0</growthPercent>
<growthType>Year</growthType>
<maxVolumes>9999999</maxVolumes>
<minVolumes>0</minVolumes>
<normalForm>Third</normalForm>
<attributes itemClass="oracle.dbtools.crest.model.design.logical.Attribute">
<Attribute name="ID CITA" id="E310614A-C567-CF69-019E-BE75E4B5BD1D">
<createdBy>margo</createdBy>
<createdTime>2020-10-27 23:51:16 UTC</createdTime>
<ownerDesignName>ERLOGICOFINAL</ownerDesignName>
<engineerTo>
<item key="271544BB-9148-818F-A78B-8B15D2459307" value="true"/>
</engineerTo>
<useDomainConstraints>false</useDomainConstraints>
<use>1</use>
<logicalDatatype>LOGDT011</logicalDatatype>
<ownDataTypeParameters>,,</ownDataTypeParameters>
</Attribute>
<Attribute name="FECHA" id="7C43A1CA-F123-7A33-3E58-144FCC1FCF5F">
<createdBy>margo</createdBy>
<createdTime>2020-10-27 23:51:16 UTC</createdTime>
<ownerDesignName>ERLOGICOFINAL</ownerDesignName>
<engineerTo>
<item key="271544BB-9148-818F-A78B-8B15D2459307" value="true"/>
</engineerTo>
<nullsAllowed>true</nullsAllowed>
<useDomainConstraints>false</useDomainConstraints>
<use>1</use>
<logicalDatatype>LOGDT007</logicalDatatype>
<ownDataTypeParameters>,,</ownDataTypeParameters>
</Attribute>
<Attribute name="HORA" id="A158CE88-7886-7C39-D0D6-6B4F9DBDF137">
<createdBy>margo</createdBy>
<createdTime>2020-10-27 23:51:16 UTC</createdTime>
<ownerDesignName>ERLOGICOFINAL</ownerDesignName>
<engineerTo>
<item key="271544BB-9148-818F-A78B-8B15D2459307" value="true"/>
</engineerTo>
<nullsAllowed>true</nullsAllowed>
<useDomainConstraints>false</useDomainConstraints>
<use>1</use>
<logicalDatatype>LOGDT008</logicalDatatype>
<ownDataTypeParameters>,,</ownDataTypeParameters>
</Attribute>
<Attribute name="TRASLADO" id="6F2EBE46-5D2D-CE36-065C-B4CB2473BF5B">
<createdBy>margo</createdBy>
<createdTime>2020-10-27 23:51:17 UTC</createdTime>
<ownerDesignName>ERLOGICOFINAL</ownerDesignName>
<engineerTo>
<item key="271544BB-9148-818F-A78B-8B15D2459307" value="true"/>
</engineerTo>
<nullsAllowed>true</nullsAllowed>
<useDomainConstraints>false</useDomainConstraints>
<use>1</use>
<logicalDatatype>LOGDT024</logicalDatatype>
<dataTypeSize>100</dataTypeSize>
<ownDataTypeParameters>100,,</ownDataTypeParameters>
</Attribute>
<Attribute name="ID CLINICA" id="A1B6CE44-840D-8637-406B-5F0208DA389E">
<createdBy>margo</createdBy>
<createdTime>2020-10-27 23:53:25 UTC</createdTime>
<generatorID>DDCDB12E-C09D-6F51-5562-94C3872D6171</generatorID>
<ownerDesignName>ERLOGICOFINAL</ownerDesignName>
<engineerTo>
<item key="271544BB-9148-818F-A78B-8B15D2459307" value="true"/>
</engineerTo>
<referedAttribute>96DC349A-EFEA-1821-7F74-EEBD5323EA15</referedAttribute>
<useDomainConstraints>false</useDomainConstraints>
<use>1</use>
<logicalDatatype>LOGDT011</logicalDatatype>
<ownDataTypeParameters>,,</ownDataTypeParameters>
</Attribute>
<Attribute name="ID LABO" id="41166285-D835-CB21-419E-DB89765EC7B9">
<createdBy>margo</createdBy>
<createdTime>2020-10-28 00:04:26 UTC</createdTime>
<generatorID>01F3E69C-0DFF-5F86-77A2-80ACCDD581CA</generatorID>
<ownerDesignName>ERLOGICOFINAL</ownerDesignName>
<engineerTo>
<item key="271544BB-9148-818F-A78B-8B15D2459307" value="true"/>
</engineerTo>
<referedAttribute>88CF5478-A5C2-AD85-964E-964E657AEB61</referedAttribute>
<useDomainConstraints>false</useDomainConstraints>
<use>1</use>
<logicalDatatype>LOGDT011</logicalDatatype>
<ownDataTypeParameters>,,</ownDataTypeParameters>
</Attribute>
<Attribute name="ID SERVICIO" id="D12212C6-0C09-7751-3C16-0DA87F5F55E9">
<createdBy>margo</createdBy>
<createdTime>2020-10-28 00:05:25 UTC</createdTime>
<generatorID>20B097DA-DB44-A20A-DCAE-6C3AE77683A7</generatorID>
<ownerDesignName>ERLOGICOFINAL</ownerDesignName>
<engineerTo>
<item key="271544BB-9148-818F-A78B-8B15D2459307" value="true"/>
</engineerTo>
<referedAttribute>2D3949EF-E3FC-0AA3-DCE8-7E4BFD983593</referedAttribute>
<useDomainConstraints>false</useDomainConstraints>
<use>1</use>
<logicalDatatype>LOGDT011</logicalDatatype>
<ownDataTypeParameters>,,</ownDataTypeParameters>
</Attribute>
<Attribute name="ID CLIENTE" id="5C5ECC61-E831-1DB5-1469-44D445FC76E5">
<createdBy>margo</createdBy>
<createdTime>2020-10-28 00:14:18 UTC</createdTime>
<generatorID>A05C668F-B6BE-4D1D-CBC6-DFC16A4EE862</generatorID>
<ownerDesignName>ERLOGICOFINAL</ownerDesignName>
<engineerTo>
<item key="271544BB-9148-818F-A78B-8B15D2459307" value="true"/>
</engineerTo>
<referedAttribute>E6B31B8D-713E-E926-4A0A-86836611D63A</referedAttribute>
<useDomainConstraints>false</useDomainConstraints>
<use>1</use>
<logicalDatatype>LOGDT011</logicalDatatype>
<ownDataTypeParameters>,,</ownDataTypeParameters>
</Attribute>
</attributes>
<identifiers itemClass="oracle.dbtools.crest.model.design.logical.CandidateKey">
<identifier id="92BD1461-A30B-8FAB-582D-198AA5F7296A" name="CITA PK">
<createdBy>margo</createdBy>
<createdTime>2020-10-27 23:51:38 UTC</createdTime>
<ownerDesignName>ERLOGICOFINAL</ownerDesignName>
<engineerTo>
<item key="271544BB-9148-818F-A78B-8B15D2459307" value="true"/>
</engineerTo>
<pk>true</pk>
<usedAttributes>
<attributeRef>E310614A-C567-CF69-019E-BE75E4B5BD1D</attributeRef>
</usedAttributes>
</identifier>
</identifiers>
</Entity>