<?xml version = '1.0' encoding = 'UTF-8'?>
<Entity class="oracle.dbtools.crest.model.design.logical.Entity" directorySegmentName="seg_0" id="E91776D2-72FA-E722-3B51-2B1A4CD96A16" name="SIG VITAL">
<createdBy>margo</createdBy>
<createdTime>2020-10-28 00:02:03 UTC</createdTime>
<ownerDesignName>ERLOGICOFINAL</ownerDesignName>
<engineerTo>
<item key="271544BB-9148-818F-A78B-8B15D2459307" value="true"/>
</engineerTo>
<adequatelyNormalized>NO</adequatelyNormalized>
<expectedVolumes>0</expectedVolumes>
<fwdEngineeringStrategyName>Single Table</fwdEngineeringStrategyName>
<growthPercent>0</growthPercent>
<growthType>Year</growthType>
<maxVolumes>9999999</maxVolumes>
<minVolumes>0</minVolumes>
<normalForm>Third</normalForm>
<attributes itemClass="oracle.dbtools.crest.model.design.logical.Attribute">
<Attribute name="FECHA" id="7CF62FA8-D51C-5468-0D76-61177F1F607C">
<createdBy>margo</createdBy>
<createdTime>2020-10-28 00:02:14 UTC</createdTime>
<ownerDesignName>ERLOGICOFINAL</ownerDesignName>
<engineerTo>
<item key="271544BB-9148-818F-A78B-8B15D2459307" value="true"/>
</engineerTo>
<nullsAllowed>true</nullsAllowed>
<useDomainConstraints>false</useDomainConstraints>
<use>1</use>
<logicalDatatype>LOGDT007</logicalDatatype>
<ownDataTypeParameters>,,</ownDataTypeParameters>
</Attribute>
<Attribute name="ID SIGNO VITAL" id="08783755-2382-3EBD-81CF-B33511E6B0A3">
<createdBy>margo</createdBy>
<createdTime>2020-10-28 00:02:14 UTC</createdTime>
<ownerDesignName>ERLOGICOFINAL</ownerDesignName>
<engineerTo>
<item key="271544BB-9148-818F-A78B-8B15D2459307" value="true"/>
</engineerTo>
<useDomainConstraints>false</useDomainConstraints>
<use>1</use>
<logicalDatatype>LOGDT011</logicalDatatype>
<ownDataTypeParameters>,,</ownDataTypeParameters>
</Attribute>
<Attribute name="PRESION ARTERIAL" id="403A4E6B-8AD8-99EC-FD7D-FD61298A85CC">
<createdBy>margo</createdBy>
<createdTime>2020-10-28 00:02:14 UTC</createdTime>
<ownerDesignName>ERLOGICOFINAL</ownerDesignName>
<engineerTo>
<item key="271544BB-9148-818F-A78B-8B15D2459307" value="true"/>
</engineerTo>
<nullsAllowed>true</nullsAllowed>
<useDomainConstraints>false</useDomainConstraints>
<use>1</use>
<logicalDatatype>LOGDT024</logicalDatatype>
<dataTypeSize>100</dataTypeSize>
<ownDataTypeParameters>100,,</ownDataTypeParameters>
</Attribute>
<Attribute name="FRECUENCIA CARDIACA" id="0B3B8A2F-A71A-3E12-20A6-63665D5CD966">
<createdBy>margo</createdBy>
<createdTime>2020-10-28 00:02:14 UTC</createdTime>
<ownerDesignName>ERLOGICOFINAL</ownerDesignName>
<engineerTo>
<item key="271544BB-9148-818F-A78B-8B15D2459307" value="true"/>
</engineerTo>
<nullsAllowed>true</nullsAllowed>
<useDomainConstraints>false</useDomainConstraints>
<use>1</use>
<logicalDatatype>LOGDT024</logicalDatatype>
<dataTypeSize>100</dataTypeSize>
<ownDataTypeParameters>100,,</ownDataTypeParameters>
</Attribute>
<Attribute name="FRECUENCIA RESPIRATORIA" id="EB611AB9-F552-C6FA-3862-4F9747E9E2C8">
<createdBy>margo</createdBy>
<createdTime>2020-10-28 00:02:15 UTC</createdTime>
<ownerDesignName>ERLOGICOFINAL</ownerDesignName>
<engineerTo>
<item key="271544BB-9148-818F-A78B-8B15D2459307" value="true"/>
</engineerTo>
<nullsAllowed>true</nullsAllowed>
<useDomainConstraints>false</useDomainConstraints>
<use>1</use>
<logicalDatatype>LOGDT024</logicalDatatype>
<dataTypeSize>100</dataTypeSize>
<ownDataTypeParameters>100,,</ownDataTypeParameters>
</Attribute>
<Attribute name="CLIENTE ID CLIENTE" id="C88D84A5-3D78-46FF-E488-FAEB2FDB3A18">
<createdBy>margo</createdBy>
<createdTime>2020-10-28 00:15:03 UTC</createdTime>
<generatorID>14559975-DF18-E658-DC82-7FCAA6A999C0</generatorID>
<ownerDesignName>ERLOGICOFINAL</ownerDesignName>
<engineerTo>
<item key="271544BB-9148-818F-A78B-8B15D2459307" value="true"/>
</engineerTo>
<referedAttribute>E6B31B8D-713E-E926-4A0A-86836611D63A</referedAttribute>
<useDomainConstraints>false</useDomainConstraints>
<use>1</use>
<logicalDatatype>LOGDT011</logicalDatatype>
<ownDataTypeParameters>,,</ownDataTypeParameters>
</Attribute>
</attributes>
<identifiers itemClass="oracle.dbtools.crest.model.design.logical.CandidateKey">
<identifier id="E2FD5736-6FC4-492B-05CC-A4479B4A61C4" name="SIG_VITAL_PK">
<createdBy>margo</createdBy>
<createdTime>2020-10-28 00:03:41 UTC</createdTime>
<ownerDesignName>ERLOGICOFINAL</ownerDesignName>
<engineerTo>
<item key="271544BB-9148-818F-A78B-8B15D2459307" value="true"/>
</engineerTo>
<pk>true</pk>
<usedAttributes>
<attributeRef>08783755-2382-3EBD-81CF-B33511E6B0A3</attributeRef>
</usedAttributes>
</identifier>
</identifiers>
</Entity>