<?xml version = '1.0' encoding = 'UTF-8'?>
<FKIndexAssociation class="oracle.dbtools.crest.model.design.relational.FKIndexAssociation" directorySegmentName="seg_0" id="12D1B7F6-C8F2-C01B-D09F-C4723E69DAF6" containerWithKeyObject="0D10D849-0C4B-087D-93B8-11C350F11352" localFKIndex="D63E0284-86BA-71F3-F7B1-01B632FE71C6" name="EMPLEADO_ESPECIALIDAD_FK">
<createdBy>margo</createdBy>
<createdTime>2020-10-28 00:27:53 UTC</createdTime>
<generatorID>95EC4747-15CF-D53A-55CC-52D7F65AD397</generatorID>
<ownerDesignName>ERLOGICOFINAL</ownerDesignName>
<referredTableLongName>ESPECIALIDAD</referredTableLongName>
<deleteRule>NO ACTION</deleteRule>
<referredTableID>73458CD3-C625-6369-C254-AE5490D00FEE</referredTableID>
<keyObject>7F353D15-4E4A-E768-946A-64DB2842E45C</keyObject>
<referredKeyID>7F353D15-4E4A-E768-946A-64DB2842E45C</referredKeyID>
<mandatory>true</mandatory>
<refColNames>ID_ESPECIALIDAD</refColNames>
<transferable>true</transferable>
<rely>false</rely>
<columnDependencyConstraintGenerateInDDL>true</columnDependencyConstraintGenerateInDDL>
</FKIndexAssociation>