<?xml version = '1.0' encoding = 'UTF-8'?>
<FKIndexAssociation class="oracle.dbtools.crest.model.design.relational.FKIndexAssociation" directorySegmentName="seg_0" id="4BEED747-8C73-2AC0-6E11-B777496B69A1" containerWithKeyObject="4C97209A-A3A5-F1B5-757E-A88831C9EEF6" localFKIndex="D078E16A-160E-C597-DAF8-604F4990B5D5" name="INSUMO_BODEGA_FK">
<createdBy>margo</createdBy>
<createdTime>2020-10-28 00:27:53 UTC</createdTime>
<generatorID>F51CD63C-1DA6-7770-21EA-679C5237CB79</generatorID>
<ownerDesignName>ERLOGICOFINAL</ownerDesignName>
<referredTableLongName>BODEGA</referredTableLongName>
<deleteRule>NO ACTION</deleteRule>
<referredTableID>2ABF7613-F110-B764-CA09-9A1E92EB3DB0</referredTableID>
<keyObject>E63093DC-795F-1F0D-8132-D1D96E7A22B2</keyObject>
<referredKeyID>E63093DC-795F-1F0D-8132-D1D96E7A22B2</referredKeyID>
<mandatory>true</mandatory>
<refColNames>ID_BODEGA</refColNames>
<transferable>true</transferable>
<rely>false</rely>
<columnDependencyConstraintGenerateInDDL>true</columnDependencyConstraintGenerateInDDL>
</FKIndexAssociation>