<?xml version = '1.0' encoding = 'UTF-8'?>
<FKIndexAssociation class="oracle.dbtools.crest.model.design.relational.FKIndexAssociation" directorySegmentName="seg_0" id="4D6B386A-1BAC-AC9C-4670-21A4CD3488EE" containerWithKeyObject="DF6B5FAB-8B0E-AA05-601D-9201A12DEE64" localFKIndex="7BC68B25-04C8-1823-8243-D3F55A3DBB44" name="CITA_CLIENTE_FK">
<createdBy>margo</createdBy>
<createdTime>2020-10-28 00:27:53 UTC</createdTime>
<generatorID>A05C668F-B6BE-4D1D-CBC6-DFC16A4EE862</generatorID>
<ownerDesignName>ERLOGICOFINAL</ownerDesignName>
<referredTableLongName>CLIENTE</referredTableLongName>
<deleteRule>NO ACTION</deleteRule>
<referredTableID>A63BD7F8-2DC3-B6C5-0F63-1BAE3DFFE7B6</referredTableID>
<keyObject>6452655A-C20D-93FC-6FBC-F49BA8544FEB</keyObject>
<referredKeyID>6452655A-C20D-93FC-6FBC-F49BA8544FEB</referredKeyID>
<mandatory>true</mandatory>
<refColNames>ID_CLIENTE</refColNames>
<transferable>true</transferable>
<rely>false</rely>
<columnDependencyConstraintGenerateInDDL>true</columnDependencyConstraintGenerateInDDL>
</FKIndexAssociation>