<?xml version = '1.0' encoding = 'UTF-8'?>
<FKIndexAssociation class="oracle.dbtools.crest.model.design.relational.FKIndexAssociation" directorySegmentName="seg_0" id="4F026382-BE32-4A57-CFAC-149BD068E5A8" containerWithKeyObject="F6B0EBD4-48A3-51ED-F62B-442D47B120F9" localFKIndex="62D79B90-904E-2C73-0681-5957CC37475E" name="LABO_SEDE_FK">
<createdBy>margo</createdBy>
<createdTime>2020-10-28 00:27:53 UTC</createdTime>
<generatorID>8C48572A-3D90-8476-F6D4-A0C13FA6EE95</generatorID>
<ownerDesignName>ERLOGICOFINAL</ownerDesignName>
<referredTableLongName>SEDE</referredTableLongName>
<deleteRule>NO ACTION</deleteRule>
<referredTableID>BCA5D7EF-8B40-B549-96F2-6E9A3896DB7A</referredTableID>
<keyObject>1C103AA1-5EBD-FAB3-073E-C17FD5852D3D</keyObject>
<referredKeyID>1C103AA1-5EBD-FAB3-073E-C17FD5852D3D</referredKeyID>
<mandatory>true</mandatory>
<refColNames>ID_SEDE</refColNames>
<transferable>true</transferable>
<rely>false</rely>
<columnDependencyConstraintGenerateInDDL>true</columnDependencyConstraintGenerateInDDL>
</FKIndexAssociation>