<?xml version = '1.0' encoding = 'UTF-8'?>
<FKIndexAssociation class="oracle.dbtools.crest.model.design.relational.FKIndexAssociation" directorySegmentName="seg_0" id="518FF1B8-96B0-9CAA-0293-6B52FA6376D5" containerWithKeyObject="3DEBB3B4-A171-E73A-BD54-EBC95F0542B7" localFKIndex="18C8C4AE-BF95-8F2C-BCB2-DC1D331E7AD3" name="CUAD_CAJA_CAJA_FK">
<createdBy>margo</createdBy>
<createdTime>2020-10-28 00:27:53 UTC</createdTime>
<generatorID>35ED3E4D-BA51-44B0-BE2A-FF9CF2BF1D2E</generatorID>
<ownerDesignName>ERLOGICOFINAL</ownerDesignName>
<referredTableLongName>CAJA</referredTableLongName>
<deleteRule>NO ACTION</deleteRule>
<referredTableID>F9B030F4-37C5-9384-5FF8-A84C5F8929ED</referredTableID>
<keyObject>6B87E77E-B205-EB95-A795-47EA27225FE9</keyObject>
<referredKeyID>6B87E77E-B205-EB95-A795-47EA27225FE9</referredKeyID>
<mandatory>true</mandatory>
<refColNames>ID_CAJA</refColNames>
<transferable>true</transferable>
<rely>false</rely>
<columnDependencyConstraintGenerateInDDL>true</columnDependencyConstraintGenerateInDDL>
</FKIndexAssociation>