<?xml version = '1.0' encoding = 'UTF-8'?>
<FKIndexAssociation class="oracle.dbtools.crest.model.design.relational.FKIndexAssociation" directorySegmentName="seg_0" id="541E1D84-B0E0-4FB3-641D-9D66CA7D9E81" containerWithKeyObject="9060F2DD-3FDE-7C52-7273-837CA91745A8" localFKIndex="A5775C60-267A-4F59-00D1-0F79F12677DE" name="COBRO_CAJA_FK">
<createdBy>margo</createdBy>
<createdTime>2020-10-28 00:27:53 UTC</createdTime>
<generatorID>321EE44C-70A5-1CDA-A5C8-957ED0638A4A</generatorID>
<ownerDesignName>ERLOGICOFINAL</ownerDesignName>
<referredTableLongName>CAJA</referredTableLongName>
<deleteRule>NO ACTION</deleteRule>
<referredTableID>F9B030F4-37C5-9384-5FF8-A84C5F8929ED</referredTableID>
<keyObject>6B87E77E-B205-EB95-A795-47EA27225FE9</keyObject>
<referredKeyID>6B87E77E-B205-EB95-A795-47EA27225FE9</referredKeyID>
<mandatory>true</mandatory>
<refColNames>ID_CAJA</refColNames>
<transferable>true</transferable>
<rely>false</rely>
<columnDependencyConstraintGenerateInDDL>true</columnDependencyConstraintGenerateInDDL>
</FKIndexAssociation>