<?xml version = '1.0' encoding = 'UTF-8'?>
<FKIndexAssociation class="oracle.dbtools.crest.model.design.relational.FKIndexAssociation" directorySegmentName="seg_0" id="5CDBF751-1FA4-8136-FE95-0CC5AC7B68C9" containerWithKeyObject="F9B030F4-37C5-9384-5FF8-A84C5F8929ED" localFKIndex="59EF4F0D-1A78-543F-BEA7-0BE88A1D64FD" name="CAJA_LABO_FK">
<createdBy>margo</createdBy>
<createdTime>2020-10-28 00:27:53 UTC</createdTime>
<generatorID>62B81C42-56FA-35A9-5B8D-ED957BFF333E</generatorID>
<ownerDesignName>ERLOGICOFINAL</ownerDesignName>
<referredTableLongName>LABO</referredTableLongName>
<deleteRule>NO ACTION</deleteRule>
<referredTableID>F6B0EBD4-48A3-51ED-F62B-442D47B120F9</referredTableID>
<keyObject>EFC9F8C1-7C96-49B0-4D54-8B99795EAA09</keyObject>
<referredKeyID>EFC9F8C1-7C96-49B0-4D54-8B99795EAA09</referredKeyID>
<mandatory>true</mandatory>
<refColNames>ID_LABO</refColNames>
<transferable>true</transferable>
<rely>false</rely>
<columnDependencyConstraintGenerateInDDL>true</columnDependencyConstraintGenerateInDDL>
</FKIndexAssociation>