<?xml version = '1.0' encoding = 'UTF-8'?>
<FKIndexAssociation class="oracle.dbtools.crest.model.design.relational.FKIndexAssociation" directorySegmentName="seg_0" id="77B0662B-72A7-4F3A-DD4B-DFEC9F18AFFE" containerWithKeyObject="D0228C9D-DB0D-187B-B08E-446FD7CD86D1" localFKIndex="4AF1BBAC-B6D2-E6C9-BC9F-7F58BC455D33" name="EXPED_CLIENTE_FK">
<createdBy>margo</createdBy>
<createdTime>2020-10-28 00:27:53 UTC</createdTime>
<generatorID>3EBFCB8A-A3B9-5D5E-C793-7C21B446F674</generatorID>
<ownerDesignName>ERLOGICOFINAL</ownerDesignName>
<referredTableLongName>CLIENTE</referredTableLongName>
<deleteRule>NO ACTION</deleteRule>
<referredTableID>A63BD7F8-2DC3-B6C5-0F63-1BAE3DFFE7B6</referredTableID>
<keyObject>6452655A-C20D-93FC-6FBC-F49BA8544FEB</keyObject>
<referredKeyID>6452655A-C20D-93FC-6FBC-F49BA8544FEB</referredKeyID>
<mandatory>true</mandatory>
<refColNames>ID_CLIENTE</refColNames>
<transferable>true</transferable>
<rely>false</rely>
<columnDependencyConstraintGenerateInDDL>true</columnDependencyConstraintGenerateInDDL>
</FKIndexAssociation>