<?xml version = '1.0' encoding = 'UTF-8'?>
<FKIndexAssociation class="oracle.dbtools.crest.model.design.relational.FKIndexAssociation" directorySegmentName="seg_0" id="807BA2B2-084C-E0AB-B9E4-22EE8A24A60A" containerWithKeyObject="A4D0760E-DA01-0DB1-0E06-BC9D51ABC36A" localFKIndex="E52142D6-8DA1-875D-CE10-ABFC1E6AA03B" name="SIG_VITAL_CLIENTE_FK">
<createdBy>margo</createdBy>
<createdTime>2020-10-28 00:27:53 UTC</createdTime>
<generatorID>14559975-DF18-E658-DC82-7FCAA6A999C0</generatorID>
<ownerDesignName>ERLOGICOFINAL</ownerDesignName>
<referredTableLongName>CLIENTE</referredTableLongName>
<deleteRule>NO ACTION</deleteRule>
<referredTableID>A63BD7F8-2DC3-B6C5-0F63-1BAE3DFFE7B6</referredTableID>
<keyObject>6452655A-C20D-93FC-6FBC-F49BA8544FEB</keyObject>
<referredKeyID>6452655A-C20D-93FC-6FBC-F49BA8544FEB</referredKeyID>
<mandatory>true</mandatory>
<refColNames>ID_CLIENTE</refColNames>
<transferable>true</transferable>
<rely>false</rely>
<columnDependencyConstraintGenerateInDDL>true</columnDependencyConstraintGenerateInDDL>
</FKIndexAssociation>