<?xml version = '1.0' encoding = 'UTF-8'?>
<FKIndexAssociation class="oracle.dbtools.crest.model.design.relational.FKIndexAssociation" directorySegmentName="seg_0" id="85B64FB4-E099-8BA8-5A8E-EC8AE4792399" containerWithKeyObject="DF6B5FAB-8B0E-AA05-601D-9201A12DEE64" localFKIndex="85DD72C1-91B9-A257-BC57-15B0DA414949" name="CITA_SERVICIO_FK">
<createdBy>margo</createdBy>
<createdTime>2020-10-28 00:27:53 UTC</createdTime>
<generatorID>20B097DA-DB44-A20A-DCAE-6C3AE77683A7</generatorID>
<ownerDesignName>ERLOGICOFINAL</ownerDesignName>
<referredTableLongName>SERVICIO</referredTableLongName>
<deleteRule>NO ACTION</deleteRule>
<referredTableID>854E79FA-A782-90E6-D6C7-D03D76B0419B</referredTableID>
<keyObject>1E320F9A-5FE2-4AF2-E9E6-06C39CB41B31</keyObject>
<referredKeyID>1E320F9A-5FE2-4AF2-E9E6-06C39CB41B31</referredKeyID>
<mandatory>true</mandatory>
<refColNames>ID_SERVICIO</refColNames>
<transferable>true</transferable>
<rely>false</rely>
<columnDependencyConstraintGenerateInDDL>true</columnDependencyConstraintGenerateInDDL>
</FKIndexAssociation>