<?xml version = '1.0' encoding = 'UTF-8'?>
<FKIndexAssociation class="oracle.dbtools.crest.model.design.relational.FKIndexAssociation" directorySegmentName="seg_0" id="A972AD5A-2E73-26C7-67FE-E82F84D0B6A7" containerWithKeyObject="1B6EF6DE-6C76-3F7B-7BCB-03A13FE72F55" localFKIndex="7B22B9B8-6E4E-4499-691F-06105396D174" name="FARMACIA_BODEGA_FK">
<createdBy>margo</createdBy>
<createdTime>2020-10-28 00:27:53 UTC</createdTime>
<generatorID>7F7DD301-12BB-DADC-1893-4DA32D9DB033</generatorID>
<ownerDesignName>ERLOGICOFINAL</ownerDesignName>
<referredTableLongName>BODEGA</referredTableLongName>
<deleteRule>NO ACTION</deleteRule>
<referredTableID>2ABF7613-F110-B764-CA09-9A1E92EB3DB0</referredTableID>
<keyObject>E63093DC-795F-1F0D-8132-D1D96E7A22B2</keyObject>
<referredKeyID>E63093DC-795F-1F0D-8132-D1D96E7A22B2</referredKeyID>
<mandatory>true</mandatory>
<refColNames>ID_BODEGA</refColNames>
<transferable>true</transferable>
<rely>false</rely>
<columnDependencyConstraintGenerateInDDL>true</columnDependencyConstraintGenerateInDDL>
</FKIndexAssociation>