<?xml version = '1.0' encoding = 'UTF-8'?>
<FKIndexAssociation class="oracle.dbtools.crest.model.design.relational.FKIndexAssociation" directorySegmentName="seg_0" id="A9B3A9DD-2DD9-2C38-DD21-DF406FB673A1" containerWithKeyObject="0D10D849-0C4B-087D-93B8-11C350F11352" localFKIndex="3DFD3912-A59C-37E2-B953-D875969939A5" name="EMPLEADO_SEDE_FK">
<createdBy>margo</createdBy>
<createdTime>2020-10-28 00:27:53 UTC</createdTime>
<generatorID>DF3A228D-2F0A-EA4A-5AB2-58C94DF2E8B9</generatorID>
<ownerDesignName>ERLOGICOFINAL</ownerDesignName>
<referredTableLongName>SEDE</referredTableLongName>
<deleteRule>NO ACTION</deleteRule>
<referredTableID>BCA5D7EF-8B40-B549-96F2-6E9A3896DB7A</referredTableID>
<keyObject>1C103AA1-5EBD-FAB3-073E-C17FD5852D3D</keyObject>
<referredKeyID>1C103AA1-5EBD-FAB3-073E-C17FD5852D3D</referredKeyID>
<mandatory>true</mandatory>
<refColNames>ID_SEDE</refColNames>
<transferable>true</transferable>
<rely>false</rely>
<columnDependencyConstraintGenerateInDDL>true</columnDependencyConstraintGenerateInDDL>
</FKIndexAssociation>