<?xml version = '1.0' encoding = 'UTF-8'?>
<FKIndexAssociation class="oracle.dbtools.crest.model.design.relational.FKIndexAssociation" directorySegmentName="seg_0" id="B052D799-65AF-820E-8960-05D5226F5461" containerWithKeyObject="DF6B5FAB-8B0E-AA05-601D-9201A12DEE64" localFKIndex="BBAAB796-1E5C-4537-8647-98BDE00C2FF1" name="CITA_CLINICA_FK">
<createdBy>margo</createdBy>
<createdTime>2020-10-28 00:27:53 UTC</createdTime>
<generatorID>DDCDB12E-C09D-6F51-5562-94C3872D6171</generatorID>
<ownerDesignName>ERLOGICOFINAL</ownerDesignName>
<referredTableLongName>CLINICA</referredTableLongName>
<deleteRule>NO ACTION</deleteRule>
<referredTableID>AC90691F-8661-C9FC-A229-F71A37284FC9</referredTableID>
<keyObject>97573A47-B842-406B-07AD-9E27A0A7A557</keyObject>
<referredKeyID>97573A47-B842-406B-07AD-9E27A0A7A557</referredKeyID>
<mandatory>true</mandatory>
<refColNames>ID_CLINICA</refColNames>
<transferable>true</transferable>
<rely>false</rely>
<columnDependencyConstraintGenerateInDDL>true</columnDependencyConstraintGenerateInDDL>
</FKIndexAssociation>