<?xml version = '1.0' encoding = 'UTF-8'?>
<FKIndexAssociation class="oracle.dbtools.crest.model.design.relational.FKIndexAssociation" directorySegmentName="seg_0" id="B3A5232C-8B89-C5AC-8CE6-133A931291F8" containerWithKeyObject="1B8C0307-6A70-7CA0-086E-23FDB4D62AFB" localFKIndex="86157313-9D29-E2A4-24EE-BB9354E1F9FE" name="FACTURA_CAJA_FK">
<createdBy>margo</createdBy>
<createdTime>2020-10-28 00:27:53 UTC</createdTime>
<generatorID>0CEAFEC6-2C08-15BF-DA03-278A893C8CF3</generatorID>
<ownerDesignName>ERLOGICOFINAL</ownerDesignName>
<referredTableLongName>CAJA</referredTableLongName>
<deleteRule>NO ACTION</deleteRule>
<referredTableID>F9B030F4-37C5-9384-5FF8-A84C5F8929ED</referredTableID>
<keyObject>6B87E77E-B205-EB95-A795-47EA27225FE9</keyObject>
<referredKeyID>6B87E77E-B205-EB95-A795-47EA27225FE9</referredKeyID>
<mandatory>true</mandatory>
<refColNames>ID_CAJA</refColNames>
<transferable>true</transferable>
<rely>false</rely>
<columnDependencyConstraintGenerateInDDL>true</columnDependencyConstraintGenerateInDDL>
</FKIndexAssociation>