<?xml version = '1.0' encoding = 'UTF-8'?>
<FKIndexAssociation class="oracle.dbtools.crest.model.design.relational.FKIndexAssociation" directorySegmentName="seg_0" id="B79DD0BF-72F2-3E95-B8C9-962AD2BE1EAF" containerWithKeyObject="DF6B5FAB-8B0E-AA05-601D-9201A12DEE64" localFKIndex="1DB07ABF-833A-5DAC-0419-46A8EC8D08C0" name="CITA_LABO_FK">
<createdBy>margo</createdBy>
<createdTime>2020-10-28 00:27:53 UTC</createdTime>
<generatorID>01F3E69C-0DFF-5F86-77A2-80ACCDD581CA</generatorID>
<ownerDesignName>ERLOGICOFINAL</ownerDesignName>
<referredTableLongName>LABO</referredTableLongName>
<deleteRule>NO ACTION</deleteRule>
<referredTableID>F6B0EBD4-48A3-51ED-F62B-442D47B120F9</referredTableID>
<keyObject>EFC9F8C1-7C96-49B0-4D54-8B99795EAA09</keyObject>
<referredKeyID>EFC9F8C1-7C96-49B0-4D54-8B99795EAA09</referredKeyID>
<mandatory>true</mandatory>
<refColNames>ID_LABO</refColNames>
<transferable>true</transferable>
<rely>false</rely>
<columnDependencyConstraintGenerateInDDL>true</columnDependencyConstraintGenerateInDDL>
</FKIndexAssociation>