<?xml version = '1.0' encoding = 'UTF-8'?>
<FKIndexAssociation class="oracle.dbtools.crest.model.design.relational.FKIndexAssociation" directorySegmentName="seg_0" id="BC58B8E5-FDBD-9052-24D0-0033BECD214B" containerWithKeyObject="D0228C9D-DB0D-187B-B08E-446FD7CD86D1" localFKIndex="E2D21E6B-A4D6-2DA1-6EAE-4CD6CF1EE264" name="EXPED_EMPLEADO_FK">
<createdBy>margo</createdBy>
<createdTime>2020-10-28 00:27:53 UTC</createdTime>
<generatorID>29018F7E-040E-32E4-E9E4-FDD65C01D9EF</generatorID>
<ownerDesignName>ERLOGICOFINAL</ownerDesignName>
<referredTableLongName>EMPLEADO</referredTableLongName>
<deleteRule>NO ACTION</deleteRule>
<referredTableID>0D10D849-0C4B-087D-93B8-11C350F11352</referredTableID>
<keyObject>E89076DC-0753-A506-805F-6B571ED658C4</keyObject>
<referredKeyID>E89076DC-0753-A506-805F-6B571ED658C4</referredKeyID>
<mandatory>true</mandatory>
<refColNames>ID_EMPLEADO</refColNames>
<transferable>true</transferable>
<rely>false</rely>
<columnDependencyConstraintGenerateInDDL>true</columnDependencyConstraintGenerateInDDL>
</FKIndexAssociation>