<?xml version = '1.0' encoding = 'UTF-8'?>
<FKIndexAssociation class="oracle.dbtools.crest.model.design.relational.FKIndexAssociation" directorySegmentName="seg_0" id="BEC6D1B2-3E19-14A7-9116-C0F611B7C5CF" containerWithKeyObject="AFDF9501-4AA8-5685-49F9-D53439DDF7EF" localFKIndex="9A4FAB24-7BD3-9160-08BA-0A0E0430CFB4" name="INGR_INSUMO_BODEGA_FK">
<createdBy>margo</createdBy>
<createdTime>2020-10-28 00:27:53 UTC</createdTime>
<generatorID>ADE2EE64-5014-28FD-F5F3-7D0EBDE2DF1A</generatorID>
<ownerDesignName>ERLOGICOFINAL</ownerDesignName>
<referredTableLongName>BODEGA</referredTableLongName>
<deleteRule>NO ACTION</deleteRule>
<referredTableID>2ABF7613-F110-B764-CA09-9A1E92EB3DB0</referredTableID>
<keyObject>E63093DC-795F-1F0D-8132-D1D96E7A22B2</keyObject>
<referredKeyID>E63093DC-795F-1F0D-8132-D1D96E7A22B2</referredKeyID>
<mandatory>true</mandatory>
<refColNames>ID_BODEGA</refColNames>
<transferable>true</transferable>
<rely>false</rely>
<columnDependencyConstraintGenerateInDDL>true</columnDependencyConstraintGenerateInDDL>
</FKIndexAssociation>