<?xml version = '1.0' encoding = 'UTF-8'?>
<FKIndexAssociation class="oracle.dbtools.crest.model.design.relational.FKIndexAssociation" directorySegmentName="seg_0" id="C16D8EBC-ADA9-97BA-7B12-7576E466E2BD" containerWithKeyObject="AFDF9501-4AA8-5685-49F9-D53439DDF7EF" localFKIndex="57E0FF15-C812-2B2A-6B75-6D38A3DA5AF9" name="INGR_INSUMO_PROVEEDOR_FK">
<createdBy>margo</createdBy>
<createdTime>2020-10-28 00:27:53 UTC</createdTime>
<generatorID>CD94FF93-FB96-7305-62EE-E358D63887E2</generatorID>
<ownerDesignName>ERLOGICOFINAL</ownerDesignName>
<referredTableLongName>PROVEEDOR</referredTableLongName>
<deleteRule>NO ACTION</deleteRule>
<referredTableID>A6003E2A-24AF-E2F2-6E91-D13018F47D30</referredTableID>
<keyObject>B49F6B2F-7D1A-20DA-6A23-0EF7772A45AC</keyObject>
<referredKeyID>B49F6B2F-7D1A-20DA-6A23-0EF7772A45AC</referredKeyID>
<mandatory>true</mandatory>
<refColNames>ID_PROVEEDOR</refColNames>
<transferable>true</transferable>
<rely>false</rely>
<columnDependencyConstraintGenerateInDDL>true</columnDependencyConstraintGenerateInDDL>
</FKIndexAssociation>