<?xml version = '1.0' encoding = 'UTF-8'?>
<FKIndexAssociation class="oracle.dbtools.crest.model.design.relational.FKIndexAssociation" directorySegmentName="seg_0" id="C763BC0C-8ADD-F8F9-4FBE-D61A06A8B554" containerWithKeyObject="F9B030F4-37C5-9384-5FF8-A84C5F8929ED" localFKIndex="1A9EEAD0-CB89-0E1B-809F-CE4BC955E669" name="CAJA_CUENT_A_PAG_FK">
<createdBy>margo</createdBy>
<createdTime>2020-10-28 00:27:53 UTC</createdTime>
<generatorID>A4E24979-9D4D-7E9F-8085-20394C9B5B54</generatorID>
<ownerDesignName>ERLOGICOFINAL</ownerDesignName>
<referredTableLongName>CUENT_A_PAG</referredTableLongName>
<deleteRule>NO ACTION</deleteRule>
<referredTableID>0A38A689-C9A7-CC1E-B61F-1F93FE80A352</referredTableID>
<keyObject>7DFA8502-3BAC-13D0-C604-E7220636E961</keyObject>
<referredKeyID>7DFA8502-3BAC-13D0-C604-E7220636E961</referredKeyID>
<mandatory>true</mandatory>
<refColNames>ID_CUENT_A_PAG</refColNames>
<transferable>true</transferable>
<rely>false</rely>
<columnDependencyConstraintGenerateInDDL>true</columnDependencyConstraintGenerateInDDL>
</FKIndexAssociation>