<?xml version = '1.0' encoding = 'UTF-8'?>
<FKIndexAssociation class="oracle.dbtools.crest.model.design.relational.FKIndexAssociation" directorySegmentName="seg_0" id="CF9C4527-8C46-E5FF-FDAF-1B20D5242B9E" containerWithKeyObject="D0228C9D-DB0D-187B-B08E-446FD7CD86D1" localFKIndex="A81C8BA1-1E52-7744-B164-77F573F3D668" name="EXPED_CLINICA_FK">
<createdBy>margo</createdBy>
<createdTime>2020-10-28 00:27:53 UTC</createdTime>
<generatorID>9C139B6A-CCBF-187E-2E7A-D2D545753223</generatorID>
<ownerDesignName>ERLOGICOFINAL</ownerDesignName>
<referredTableLongName>CLINICA</referredTableLongName>
<deleteRule>NO ACTION</deleteRule>
<referredTableID>AC90691F-8661-C9FC-A229-F71A37284FC9</referredTableID>
<keyObject>97573A47-B842-406B-07AD-9E27A0A7A557</keyObject>
<referredKeyID>97573A47-B842-406B-07AD-9E27A0A7A557</referredKeyID>
<mandatory>true</mandatory>
<refColNames>ID_CLINICA</refColNames>
<transferable>true</transferable>
<rely>false</rely>
<columnDependencyConstraintGenerateInDDL>true</columnDependencyConstraintGenerateInDDL>
</FKIndexAssociation>