<?xml version = '1.0' encoding = 'UTF-8'?>
<FKIndexAssociation class="oracle.dbtools.crest.model.design.relational.FKIndexAssociation" directorySegmentName="seg_0" id="D74D82A8-0B62-B907-A85A-D446B3F5A78D" containerWithKeyObject="0A38A689-C9A7-CC1E-B61F-1F93FE80A352" localFKIndex="5B869CC3-D92F-6EDB-0B55-F72CE339C4B8" name="CUENT_A_PAG_PROVEEDOR_FK">
<createdBy>margo</createdBy>
<createdTime>2020-10-28 00:27:53 UTC</createdTime>
<generatorID>220123AA-F2AD-0200-3183-BB7A883A9261</generatorID>
<ownerDesignName>ERLOGICOFINAL</ownerDesignName>
<referredTableLongName>PROVEEDOR</referredTableLongName>
<deleteRule>NO ACTION</deleteRule>
<referredTableID>A6003E2A-24AF-E2F2-6E91-D13018F47D30</referredTableID>
<keyObject>B49F6B2F-7D1A-20DA-6A23-0EF7772A45AC</keyObject>
<referredKeyID>B49F6B2F-7D1A-20DA-6A23-0EF7772A45AC</referredKeyID>
<mandatory>true</mandatory>
<refColNames>ID_PROVEEDOR</refColNames>
<transferable>true</transferable>
<rely>false</rely>
<columnDependencyConstraintGenerateInDDL>true</columnDependencyConstraintGenerateInDDL>
</FKIndexAssociation>