<?xml version = '1.0' encoding = 'UTF-8'?>
<FKIndexAssociation class="oracle.dbtools.crest.model.design.relational.FKIndexAssociation" directorySegmentName="seg_0" id="DC74D8ED-6DC8-5C61-0918-054D12F017F9" containerWithKeyObject="F9B030F4-37C5-9384-5FF8-A84C5F8929ED" localFKIndex="4E4A9A7D-0C66-BD14-A6F0-FE0ACD4EE1C5" name="CAJA_CLINICA_FK">
<createdBy>margo</createdBy>
<createdTime>2020-10-28 00:27:53 UTC</createdTime>
<generatorID>C9F4414A-30B3-DC8B-A3F2-EF0CE64563CB</generatorID>
<ownerDesignName>ERLOGICOFINAL</ownerDesignName>
<referredTableLongName>CLINICA</referredTableLongName>
<deleteRule>NO ACTION</deleteRule>
<referredTableID>AC90691F-8661-C9FC-A229-F71A37284FC9</referredTableID>
<keyObject>97573A47-B842-406B-07AD-9E27A0A7A557</keyObject>
<referredKeyID>97573A47-B842-406B-07AD-9E27A0A7A557</referredKeyID>
<mandatory>true</mandatory>
<refColNames>ID_CLINICA</refColNames>
<transferable>true</transferable>
<rely>false</rely>
<columnDependencyConstraintGenerateInDDL>true</columnDependencyConstraintGenerateInDDL>
</FKIndexAssociation>