<?xml version = '1.0' encoding = 'UTF-8'?>
<FKIndexAssociation class="oracle.dbtools.crest.model.design.relational.FKIndexAssociation" directorySegmentName="seg_0" id="F23AC239-0AAA-2269-B6D6-D8CC98DB3D2D" containerWithKeyObject="D0228C9D-DB0D-187B-B08E-446FD7CD86D1" localFKIndex="C461AEFB-21BB-367E-1A3A-641BB7ED454A" name="EXPED_SIG_VITAL_FK">
<createdBy>margo</createdBy>
<createdTime>2020-10-28 00:27:53 UTC</createdTime>
<generatorID>FBE7A482-AD1D-1516-EDAD-C28C7B5F9E87</generatorID>
<ownerDesignName>ERLOGICOFINAL</ownerDesignName>
<referredTableLongName>SIG_VITAL</referredTableLongName>
<deleteRule>NO ACTION</deleteRule>
<referredTableID>A4D0760E-DA01-0DB1-0E06-BC9D51ABC36A</referredTableID>
<keyObject>74EAD895-E719-5B57-2B30-6904B0DED924</keyObject>
<referredKeyID>74EAD895-E719-5B57-2B30-6904B0DED924</referredKeyID>
<mandatory>true</mandatory>
<refColNames>ID_SIGNO_VITAL</refColNames>
<transferable>true</transferable>
<rely>false</rely>
<columnDependencyConstraintGenerateInDDL>true</columnDependencyConstraintGenerateInDDL>
</FKIndexAssociation>