<?xml version = '1.0' encoding = 'UTF-8'?>
<FKIndexAssociation class="oracle.dbtools.crest.model.design.relational.FKIndexAssociation" directorySegmentName="seg_0" id="F6348455-0991-5890-E01C-79BDDD68595D" containerWithKeyObject="AC90691F-8661-C9FC-A229-F71A37284FC9" localFKIndex="FAC76D30-B42A-573C-6F9D-125B53F8C2C3" name="CLINICA_SEDE_FK">
<createdBy>margo</createdBy>
<createdTime>2020-10-28 00:27:53 UTC</createdTime>
<generatorID>5024079E-A73E-282A-AFF5-13874ED92788</generatorID>
<ownerDesignName>ERLOGICOFINAL</ownerDesignName>
<referredTableLongName>SEDE</referredTableLongName>
<deleteRule>NO ACTION</deleteRule>
<referredTableID>BCA5D7EF-8B40-B549-96F2-6E9A3896DB7A</referredTableID>
<keyObject>1C103AA1-5EBD-FAB3-073E-C17FD5852D3D</keyObject>
<referredKeyID>1C103AA1-5EBD-FAB3-073E-C17FD5852D3D</referredKeyID>
<mandatory>true</mandatory>
<refColNames>ID_SEDE</refColNames>
<transferable>true</transferable>
<rely>false</rely>
<columnDependencyConstraintGenerateInDDL>true</columnDependencyConstraintGenerateInDDL>
</FKIndexAssociation>