<?xml version = '1.0' encoding = 'UTF-8'?>
<FKIndexAssociation class="oracle.dbtools.crest.model.design.relational.FKIndexAssociation" directorySegmentName="seg_0" id="F6E6FE46-9392-430B-8F91-D5FEC46B1ACA" containerWithKeyObject="1B6EF6DE-6C76-3F7B-7BCB-03A13FE72F55" localFKIndex="57C8857D-888E-E50B-3ABE-7FE9C6B63F55" name="FARMACIA_SEDE_FK">
<createdBy>margo</createdBy>
<createdTime>2020-10-28 00:27:53 UTC</createdTime>
<generatorID>3DFC15B2-8C6D-E79C-9863-2C3E80D9134E</generatorID>
<ownerDesignName>ERLOGICOFINAL</ownerDesignName>
<referredTableLongName>SEDE</referredTableLongName>
<deleteRule>NO ACTION</deleteRule>
<referredTableID>BCA5D7EF-8B40-B549-96F2-6E9A3896DB7A</referredTableID>
<keyObject>1C103AA1-5EBD-FAB3-073E-C17FD5852D3D</keyObject>
<referredKeyID>1C103AA1-5EBD-FAB3-073E-C17FD5852D3D</referredKeyID>
<mandatory>true</mandatory>
<refColNames>ID_SEDE</refColNames>
<transferable>true</transferable>
<rely>false</rely>
<columnDependencyConstraintGenerateInDDL>true</columnDependencyConstraintGenerateInDDL>
</FKIndexAssociation>