<?xml version = '1.0' encoding = 'UTF-8'?>
<Table class="oracle.dbtools.crest.model.design.relational.Table" directorySegmentName="seg_0" id="2ABF7613-F110-B764-CA09-9A1E92EB3DB0" name="BODEGA">
<createdBy>margo</createdBy>
<createdTime>2020-10-28 00:27:52 UTC</createdTime>
<generatorID>1435E526-A016-A50B-C759-33DFE8329275</generatorID>
<ownerDesignName>ERLOGICOFINAL</ownerDesignName>
<allowColumnReorder>false</allowColumnReorder>
<existDependencyGenerateInDDl>true</existDependencyGenerateInDDl>
<parsed>true</parsed>
<columns itemClass="oracle.dbtools.crest.model.design.relational.Column">
<Column name="ID_BODEGA" id="1458758A-F9F7-5590-8063-C575B2FC31C5">
<createdBy>margo</createdBy>
<createdTime>2020-10-28 00:27:52 UTC</createdTime>
<generatorID>E6EB69B2-E8E7-0E7A-6EEF-AD2E8FEE4060</generatorID>
<ownerDesignName>ERLOGICOFINAL</ownerDesignName>
<useDomainConstraints>false</useDomainConstraints>
<use>1</use>
<logicalDatatype>LOGDT011</logicalDatatype>
<ownDataTypeParameters>,,</ownDataTypeParameters>
<autoIncrementCycle>false</autoIncrementCycle>
</Column>
<Column name="NOMBRE" id="89ADD08B-1FF1-ABF1-D5B5-1EC8F6103D4B">
<createdBy>margo</createdBy>
<createdTime>2020-10-28 00:27:52 UTC</createdTime>
<generatorID>40DECDEC-7578-4DE7-7358-F4CA15C71885</generatorID>
<ownerDesignName>ERLOGICOFINAL</ownerDesignName>
<nullsAllowed>true</nullsAllowed>
<useDomainConstraints>false</useDomainConstraints>
<use>1</use>
<logicalDatatype>LOGDT024</logicalDatatype>
<dataTypeSize>100</dataTypeSize>
<ownDataTypeParameters>100,,</ownDataTypeParameters>
<autoIncrementCycle>false</autoIncrementCycle>
</Column>
<Column name="DIRECCION" id="D90C6F89-38CD-89A8-9E2F-B38CB9D0E4A2">
<createdBy>margo</createdBy>
<createdTime>2020-10-28 00:27:52 UTC</createdTime>
<generatorID>2DB04857-BAAC-F393-A598-EF715081E36B</generatorID>
<ownerDesignName>ERLOGICOFINAL</ownerDesignName>
<nullsAllowed>true</nullsAllowed>
<useDomainConstraints>false</useDomainConstraints>
<use>1</use>
<logicalDatatype>LOGDT024</logicalDatatype>
<dataTypeSize>100</dataTypeSize>
<ownDataTypeParameters>100,,</ownDataTypeParameters>
<autoIncrementCycle>false</autoIncrementCycle>
</Column>
<Column name="TEL_1" id="902B75F5-B827-DD44-B846-0007C61C7ADA">
<createdBy>margo</createdBy>
<createdTime>2020-10-28 00:27:52 UTC</createdTime>
<generatorID>927AE418-3614-A244-B1C1-7356D7E09FB6</generatorID>
<ownerDesignName>ERLOGICOFINAL</ownerDesignName>
<nullsAllowed>true</nullsAllowed>
<useDomainConstraints>false</useDomainConstraints>
<use>1</use>
<logicalDatatype>LOGDT024</logicalDatatype>
<dataTypeSize>10</dataTypeSize>
<ownDataTypeParameters>10,,</ownDataTypeParameters>
<autoIncrementCycle>false</autoIncrementCycle>
</Column>
<Column name="TEL_2" id="9822AE21-3234-4800-5488-E36F1B1CAB24">
<createdBy>margo</createdBy>
<createdTime>2020-10-28 00:27:52 UTC</createdTime>
<generatorID>10487EF6-8399-9365-F0AA-679CC6800EEA</generatorID>
<ownerDesignName>ERLOGICOFINAL</ownerDesignName>
<nullsAllowed>true</nullsAllowed>
<useDomainConstraints>false</useDomainConstraints>
<use>1</use>
<logicalDatatype>LOGDT024</logicalDatatype>
<dataTypeSize>10</dataTypeSize>
<ownDataTypeParameters>10,,</ownDataTypeParameters>
<autoIncrementCycle>false</autoIncrementCycle>
</Column>
<Column name="CORREO" id="E07A7479-550B-B7D5-FAD1-66A5D0DBDC91">
<createdBy>margo</createdBy>
<createdTime>2020-10-28 00:27:52 UTC</createdTime>
<generatorID>F5BDF951-41A9-DEDD-A8AE-E1B5E2017D71</generatorID>
<ownerDesignName>ERLOGICOFINAL</ownerDesignName>
<nullsAllowed>true</nullsAllowed>
<useDomainConstraints>false</useDomainConstraints>
<use>1</use>
<logicalDatatype>LOGDT024</logicalDatatype>
<dataTypeSize>20</dataTypeSize>
<ownDataTypeParameters>20,,</ownDataTypeParameters>
<autoIncrementCycle>false</autoIncrementCycle>
</Column>
<Column name="ENCARGADO" id="637801B6-A4B4-07F1-0E79-EC61452A36CA">
<createdBy>margo</createdBy>
<createdTime>2020-10-28 00:27:52 UTC</createdTime>
<generatorID>3EB619D3-705E-C784-4075-1029B88AFAAD</generatorID>
<ownerDesignName>ERLOGICOFINAL</ownerDesignName>
<nullsAllowed>true</nullsAllowed>
<useDomainConstraints>false</useDomainConstraints>
<use>1</use>
<logicalDatatype>LOGDT024</logicalDatatype>
<dataTypeSize>100</dataTypeSize>
<ownDataTypeParameters>100,,</ownDataTypeParameters>
<autoIncrementCycle>false</autoIncrementCycle>
</Column>
</columns>
<indexes itemClass="oracle.dbtools.crest.model.design.relational.Index">
<ind_PK_UK id="E63093DC-795F-1F0D-8132-D1D96E7A22B2" name="BODEGA_PK">
<createdBy>margo</createdBy>
<createdTime>2020-10-28 00:27:52 UTC</createdTime>
<generatorID>AF1CEA22-E056-D8DA-6BC1-9B9AC2700413</generatorID>
<ownerDesignName>ERLOGICOFINAL</ownerDesignName>
<pk>true</pk>
<indexState>Primary Constraint</indexState>
<isSurrogateKey>false</isSurrogateKey>
<indexColumnUsage>
<colUsage columnID="1458758A-F9F7-5590-8063-C575B2FC31C5"/>
</indexColumnUsage>
</ind_PK_UK>
</indexes>
</Table>