<?xml version = '1.0' encoding = 'UTF-8'?>
<Table class="oracle.dbtools.crest.model.design.relational.Table" directorySegmentName="seg_0" id="3DEBB3B4-A171-E73A-BD54-EBC95F0542B7" name="CUAD_CAJA">
<createdBy>margo</createdBy>
<createdTime>2020-10-28 00:27:53 UTC</createdTime>
<generatorID>66462DF2-46CE-38B6-D8A7-298A008C9EC2</generatorID>
<ownerDesignName>ERLOGICOFINAL</ownerDesignName>
<allowColumnReorder>false</allowColumnReorder>
<existDependencyGenerateInDDl>true</existDependencyGenerateInDDl>
<parsed>true</parsed>
<columns itemClass="oracle.dbtools.crest.model.design.relational.Column">
<Column name="FECHA" id="1DAE7198-9BBD-124B-FEE2-46973292712A">
<createdBy>margo</createdBy>
<createdTime>2020-10-28 00:27:53 UTC</createdTime>
<generatorID>926A6D17-AB2C-3F4F-EA5E-721B2C08B6F9</generatorID>
<ownerDesignName>ERLOGICOFINAL</ownerDesignName>
<nullsAllowed>true</nullsAllowed>
<useDomainConstraints>false</useDomainConstraints>
<use>1</use>
<logicalDatatype>LOGDT007</logicalDatatype>
<ownDataTypeParameters>,,</ownDataTypeParameters>
<autoIncrementCycle>false</autoIncrementCycle>
</Column>
<Column name="TOTAL_FACTURA" id="887EBA2D-6578-24EC-36C5-2B239614B678">
<createdBy>margo</createdBy>
<createdTime>2020-10-28 00:27:53 UTC</createdTime>
<generatorID>6ED23E14-A1BC-9A42-A609-97E88E5CA66A</generatorID>
<ownerDesignName>ERLOGICOFINAL</ownerDesignName>
<nullsAllowed>true</nullsAllowed>
<useDomainConstraints>false</useDomainConstraints>
<use>1</use>
<logicalDatatype>LOGDT026</logicalDatatype>
<dataTypePrecision>17</dataTypePrecision>
<dataTypeScale>2</dataTypeScale>
<ownDataTypeParameters>,17,2</ownDataTypeParameters>
<autoIncrementCycle>false</autoIncrementCycle>
</Column>
<Column name="MONTO_CAJA" id="1D444180-741F-82C2-E6E2-0C321884B33B">
<createdBy>margo</createdBy>
<createdTime>2020-10-28 00:27:53 UTC</createdTime>
<generatorID>DC83A34D-82D1-0F36-0222-8D48B50C5C38</generatorID>
<ownerDesignName>ERLOGICOFINAL</ownerDesignName>
<nullsAllowed>true</nullsAllowed>
<useDomainConstraints>false</useDomainConstraints>
<use>1</use>
<logicalDatatype>LOGDT026</logicalDatatype>
<dataTypePrecision>17</dataTypePrecision>
<dataTypeScale>2</dataTypeScale>
<ownDataTypeParameters>,17,2</ownDataTypeParameters>
<autoIncrementCycle>false</autoIncrementCycle>
</Column>
<Column name="ID_CUAD_CAJA" id="AA8323FC-7538-6F56-02C2-26B3D6EB7C74">
<createdBy>margo</createdBy>
<createdTime>2020-10-28 00:27:53 UTC</createdTime>
<generatorID>AB6A5BD7-BF6D-3774-1A27-2766F97C7FAA</generatorID>
<ownerDesignName>ERLOGICOFINAL</ownerDesignName>
<useDomainConstraints>false</useDomainConstraints>
<use>1</use>
<logicalDatatype>LOGDT011</logicalDatatype>
<ownDataTypeParameters>,,</ownDataTypeParameters>
<autoIncrementCycle>false</autoIncrementCycle>
</Column>
<Column name="CAJA_ID_CAJA" id="AD6A290B-C518-E708-3C08-7243377B4107">
<createdBy>margo</createdBy>
<createdTime>2020-10-28 00:27:53 UTC</createdTime>
<generatorID>0950D463-54CA-8CFE-06E6-681F4B7BC161</generatorID>
<ownerDesignName>ERLOGICOFINAL</ownerDesignName>
<useDomainConstraints>false</useDomainConstraints>
<use>1</use>
<logicalDatatype>LOGDT011</logicalDatatype>
<ownDataTypeParameters>,,</ownDataTypeParameters>
<previousColumn>false</previousColumn>
<autoIncrementCycle>false</autoIncrementCycle>
<associations>
<colAssociation fkAssociation="518FF1B8-96B0-9CAA-0293-6B52FA6376D5" referredColumn="BB690089-C3AF-ED50-4A4D-A08B2966ADDF"/>
</associations>
</Column>
</columns>
<indexes itemClass="oracle.dbtools.crest.model.design.relational.Index">
<ind_PK_UK id="B359C16D-19BE-A228-D5FE-206B1E9EFBF0" name="CUAD_CAJA_PK">
<createdBy>margo</createdBy>
<createdTime>2020-10-28 00:27:53 UTC</createdTime>
<generatorID>AC506A8B-F569-BE9E-77D9-2877899AA29B</generatorID>
<ownerDesignName>ERLOGICOFINAL</ownerDesignName>
<pk>true</pk>
<indexState>Primary Constraint</indexState>
<isSurrogateKey>false</isSurrogateKey>
<indexColumnUsage>
<colUsage columnID="AA8323FC-7538-6F56-02C2-26B3D6EB7C74"/>
</indexColumnUsage>
</ind_PK_UK>
<ind_PK_UK id="022FC235-FA12-BF23-5188-67741B4D2D08" name="CUAD_CAJA__IDX">
<createdBy>margo</createdBy>
<createdTime>2020-10-28 00:27:53 UTC</createdTime>
<ownerDesignName>ERLOGICOFINAL</ownerDesignName>
<indexState>Unique Plain Index</indexState>
<isSurrogateKey>false</isSurrogateKey>
<relationGeneratorID>35ED3E4D-BA51-44B0-BE2A-FF9CF2BF1D2E</relationGeneratorID>
<indexColumnUsage>
<colUsage columnID="AD6A290B-C518-E708-3C08-7243377B4107"/>
</indexColumnUsage>
</ind_PK_UK>
<ind_PK_UK id="18C8C4AE-BF95-8F2C-BCB2-DC1D331E7AD3" name="CUAD_CAJA_CAJA_FK">
<createdBy>margo</createdBy>
<createdTime>2020-10-28 00:27:53 UTC</createdTime>
<generatorID>35ED3E4D-BA51-44B0-BE2A-FF9CF2BF1D2E</generatorID>
<ownerDesignName>ERLOGICOFINAL</ownerDesignName>
<indexState>Foreign Key</indexState>
<isSurrogateKey>false</isSurrogateKey>
<indexColumnUsage>
<colUsage columnID="AD6A290B-C518-E708-3C08-7243377B4107"/>
</indexColumnUsage>
</ind_PK_UK>
</indexes>
</Table>