<?xml version = '1.0' encoding = 'UTF-8'?>
<Table class="oracle.dbtools.crest.model.design.relational.Table" directorySegmentName="seg_0" id="A63BD7F8-2DC3-B6C5-0F63-1BAE3DFFE7B6" name="CLIENTE">
<createdBy>margo</createdBy>
<createdTime>2020-10-28 00:27:52 UTC</createdTime>
<generatorID>078536A5-C6F3-18F0-97E9-0317CCCD4A0E</generatorID>
<ownerDesignName>ERLOGICOFINAL</ownerDesignName>
<allowColumnReorder>false</allowColumnReorder>
<existDependencyGenerateInDDl>true</existDependencyGenerateInDDl>
<parsed>true</parsed>
<columns itemClass="oracle.dbtools.crest.model.design.relational.Column">
<Column name="ID_CLIENTE" id="3A48A724-677A-700C-0998-5BEB0422F8EC">
<createdBy>margo</createdBy>
<createdTime>2020-10-28 00:27:52 UTC</createdTime>
<generatorID>E6B31B8D-713E-E926-4A0A-86836611D63A</generatorID>
<ownerDesignName>ERLOGICOFINAL</ownerDesignName>
<useDomainConstraints>false</useDomainConstraints>
<use>1</use>
<logicalDatatype>LOGDT011</logicalDatatype>
<ownDataTypeParameters>,,</ownDataTypeParameters>
<autoIncrementCycle>false</autoIncrementCycle>
</Column>
<Column name="NOMBRE" id="94C81274-AF13-047A-D76C-B430B6EA6E61">
<createdBy>margo</createdBy>
<createdTime>2020-10-28 00:27:52 UTC</createdTime>
<generatorID>831FAEB1-4609-1E8B-B71E-7EA2678088C6</generatorID>
<ownerDesignName>ERLOGICOFINAL</ownerDesignName>
<nullsAllowed>true</nullsAllowed>
<useDomainConstraints>false</useDomainConstraints>
<use>1</use>
<logicalDatatype>LOGDT024</logicalDatatype>
<dataTypeSize>100</dataTypeSize>
<ownDataTypeParameters>100,,</ownDataTypeParameters>
<autoIncrementCycle>false</autoIncrementCycle>
</Column>
<Column name="APELLIDO" id="42CED15A-5F2B-B09F-D389-C463B3B2676C">
<createdBy>margo</createdBy>
<createdTime>2020-10-28 00:27:52 UTC</createdTime>
<generatorID>0A4C3894-ED29-89F1-886E-3BCBA48173F8</generatorID>
<ownerDesignName>ERLOGICOFINAL</ownerDesignName>
<nullsAllowed>true</nullsAllowed>
<useDomainConstraints>false</useDomainConstraints>
<use>1</use>
<logicalDatatype>LOGDT024</logicalDatatype>
<dataTypeSize>100</dataTypeSize>
<ownDataTypeParameters>100,,</ownDataTypeParameters>
<autoIncrementCycle>false</autoIncrementCycle>
</Column>
<Column name="DIRECCION" id="883EAD65-446B-F5DE-89DF-43FD9F802EC5">
<createdBy>margo</createdBy>
<createdTime>2020-10-28 00:27:52 UTC</createdTime>
<generatorID>779E507F-4939-C18F-6BFE-E1922AB1B21C</generatorID>
<ownerDesignName>ERLOGICOFINAL</ownerDesignName>
<nullsAllowed>true</nullsAllowed>
<useDomainConstraints>false</useDomainConstraints>
<use>1</use>
<logicalDatatype>LOGDT024</logicalDatatype>
<dataTypeSize>100</dataTypeSize>
<ownDataTypeParameters>100,,</ownDataTypeParameters>
<autoIncrementCycle>false</autoIncrementCycle>
</Column>
<Column name="CORREO" id="B112B9AF-6EF0-127F-8115-DADB3ADDB672">
<createdBy>margo</createdBy>
<createdTime>2020-10-28 00:27:52 UTC</createdTime>
<generatorID>C550BEFF-26EB-1A6B-C62B-A5C6A1F4FE0E</generatorID>
<ownerDesignName>ERLOGICOFINAL</ownerDesignName>
<nullsAllowed>true</nullsAllowed>
<useDomainConstraints>false</useDomainConstraints>
<use>1</use>
<logicalDatatype>LOGDT024</logicalDatatype>
<dataTypeSize>20</dataTypeSize>
<ownDataTypeParameters>20,,</ownDataTypeParameters>
<autoIncrementCycle>false</autoIncrementCycle>
</Column>
<Column name="NIT" id="465F34BB-9AFF-0A9F-8432-EB48EB5030CA">
<createdBy>margo</createdBy>
<createdTime>2020-10-28 00:27:52 UTC</createdTime>
<generatorID>213EE69C-86D0-6A0E-C490-9C5E1B12E272</generatorID>
<ownerDesignName>ERLOGICOFINAL</ownerDesignName>
<nullsAllowed>true</nullsAllowed>
<useDomainConstraints>false</useDomainConstraints>
<use>1</use>
<logicalDatatype>LOGDT024</logicalDatatype>
<dataTypeSize>20</dataTypeSize>
<ownDataTypeParameters>20,,</ownDataTypeParameters>
<autoIncrementCycle>false</autoIncrementCycle>
</Column>
</columns>
<indexes itemClass="oracle.dbtools.crest.model.design.relational.Index">
<ind_PK_UK id="6452655A-C20D-93FC-6FBC-F49BA8544FEB" name="CLIENTE_PK">
<createdBy>margo</createdBy>
<createdTime>2020-10-28 00:27:52 UTC</createdTime>
<generatorID>E0BDBC69-C0CC-D866-E080-459886718AE8</generatorID>
<ownerDesignName>ERLOGICOFINAL</ownerDesignName>
<pk>true</pk>
<indexState>Primary Constraint</indexState>
<isSurrogateKey>false</isSurrogateKey>
<indexColumnUsage>
<colUsage columnID="3A48A724-677A-700C-0998-5BEB0422F8EC"/>
</indexColumnUsage>
</ind_PK_UK>
</indexes>
</Table>