<?xml version = '1.0' encoding = 'UTF-8'?>
<Table class="oracle.dbtools.crest.model.design.relational.Table" directorySegmentName="seg_0" id="AC90691F-8661-C9FC-A229-F71A37284FC9" name="CLINICA">
<createdBy>margo</createdBy>
<createdTime>2020-10-28 00:27:52 UTC</createdTime>
<generatorID>095B9A22-B852-93F4-8BE3-23877C8322CC</generatorID>
<ownerDesignName>ERLOGICOFINAL</ownerDesignName>
<allowColumnReorder>false</allowColumnReorder>
<existDependencyGenerateInDDl>true</existDependencyGenerateInDDl>
<parsed>true</parsed>
<columns itemClass="oracle.dbtools.crest.model.design.relational.Column">
<Column name="ID_CLINICA" id="57AEFF58-8417-4117-434F-EE7F2C6814EC">
<createdBy>margo</createdBy>
<createdTime>2020-10-28 00:27:52 UTC</createdTime>
<generatorID>96DC349A-EFEA-1821-7F74-EEBD5323EA15</generatorID>
<ownerDesignName>ERLOGICOFINAL</ownerDesignName>
<useDomainConstraints>false</useDomainConstraints>
<use>1</use>
<logicalDatatype>LOGDT011</logicalDatatype>
<ownDataTypeParameters>,,</ownDataTypeParameters>
<autoIncrementCycle>false</autoIncrementCycle>
</Column>
<Column name="NOMBRE" id="306618BD-E0D1-66F3-5671-62BB6FE311C4">
<createdBy>margo</createdBy>
<createdTime>2020-10-28 00:27:52 UTC</createdTime>
<generatorID>3DD7B98A-A34F-2E46-DB3B-06C9DAC87419</generatorID>
<ownerDesignName>ERLOGICOFINAL</ownerDesignName>
<nullsAllowed>true</nullsAllowed>
<useDomainConstraints>false</useDomainConstraints>
<use>1</use>
<logicalDatatype>LOGDT024</logicalDatatype>
<dataTypeSize>100</dataTypeSize>
<ownDataTypeParameters>100,,</ownDataTypeParameters>
<autoIncrementCycle>false</autoIncrementCycle>
</Column>
<Column name="TEL_1" id="CA6B4332-29D4-A7EB-0937-2DFFDF51381D">
<createdBy>margo</createdBy>
<createdTime>2020-10-28 00:27:52 UTC</createdTime>
<generatorID>EC0F1801-3C76-04ED-E8C9-9C311D29C0EC</generatorID>
<ownerDesignName>ERLOGICOFINAL</ownerDesignName>
<nullsAllowed>true</nullsAllowed>
<useDomainConstraints>false</useDomainConstraints>
<use>1</use>
<logicalDatatype>LOGDT024</logicalDatatype>
<dataTypeSize>20</dataTypeSize>
<ownDataTypeParameters>20,,</ownDataTypeParameters>
<autoIncrementCycle>false</autoIncrementCycle>
</Column>
<Column name="TEL_2" id="1DB773C9-A214-1EE5-CFED-869F5AF7F653">
<createdBy>margo</createdBy>
<createdTime>2020-10-28 00:27:52 UTC</createdTime>
<generatorID>F7DE1628-0762-1199-9BDC-F9496D020351</generatorID>
<ownerDesignName>ERLOGICOFINAL</ownerDesignName>
<nullsAllowed>true</nullsAllowed>
<useDomainConstraints>false</useDomainConstraints>
<use>1</use>
<logicalDatatype>LOGDT024</logicalDatatype>
<dataTypeSize>10</dataTypeSize>
<ownDataTypeParameters>10,,</ownDataTypeParameters>
<autoIncrementCycle>false</autoIncrementCycle>
</Column>
<Column name="CORREO" id="CD555368-7D15-70D3-EFF6-21D1EAA965BD">
<createdBy>margo</createdBy>
<createdTime>2020-10-28 00:27:52 UTC</createdTime>
<generatorID>BBD3775B-930C-B07A-7184-8942809ED352</generatorID>
<ownerDesignName>ERLOGICOFINAL</ownerDesignName>
<nullsAllowed>true</nullsAllowed>
<useDomainConstraints>false</useDomainConstraints>
<use>1</use>
<logicalDatatype>LOGDT024</logicalDatatype>
<dataTypeSize>20</dataTypeSize>
<ownDataTypeParameters>20,,</ownDataTypeParameters>
<autoIncrementCycle>false</autoIncrementCycle>
</Column>
<Column name="ENCARGADO" id="763C6D44-54BC-A740-5E9C-F502FBA037A1">
<createdBy>margo</createdBy>
<createdTime>2020-10-28 00:27:52 UTC</createdTime>
<generatorID>FCC61CDC-02F6-F97D-E493-4B63FB43D655</generatorID>
<ownerDesignName>ERLOGICOFINAL</ownerDesignName>
<nullsAllowed>true</nullsAllowed>
<useDomainConstraints>false</useDomainConstraints>
<use>1</use>
<logicalDatatype>LOGDT024</logicalDatatype>
<dataTypeSize>100</dataTypeSize>
<ownDataTypeParameters>100,,</ownDataTypeParameters>
<autoIncrementCycle>false</autoIncrementCycle>
</Column>
<Column name="SEDE_ID_SEDE" id="CEE098F1-B32E-BCDC-F19D-D4287EEBF623">
<createdBy>margo</createdBy>
<createdTime>2020-10-28 00:27:52 UTC</createdTime>
<generatorID>6739398F-A1D1-5316-4CD8-594FF2535F79</generatorID>
<ownerDesignName>ERLOGICOFINAL</ownerDesignName>
<useDomainConstraints>false</useDomainConstraints>
<use>1</use>
<logicalDatatype>LOGDT011</logicalDatatype>
<ownDataTypeParameters>,,</ownDataTypeParameters>
<previousColumn>false</previousColumn>
<autoIncrementCycle>false</autoIncrementCycle>
<associations>
<colAssociation fkAssociation="F6348455-0991-5890-E01C-79BDDD68595D" referredColumn="D6A0B2DD-AC8F-B7F3-8082-E9F2477951C3"/>
</associations>
</Column>
</columns>
<indexes itemClass="oracle.dbtools.crest.model.design.relational.Index">
<ind_PK_UK id="97573A47-B842-406B-07AD-9E27A0A7A557" name="CLINICA_PK">
<createdBy>margo</createdBy>
<createdTime>2020-10-28 00:27:52 UTC</createdTime>
<generatorID>2BF8D86D-3DA0-9935-9F8D-983FDE2D8F74</generatorID>
<ownerDesignName>ERLOGICOFINAL</ownerDesignName>
<pk>true</pk>
<indexState>Primary Constraint</indexState>
<isSurrogateKey>false</isSurrogateKey>
<indexColumnUsage>
<colUsage columnID="57AEFF58-8417-4117-434F-EE7F2C6814EC"/>
</indexColumnUsage>
</ind_PK_UK>
<ind_PK_UK id="FAC76D30-B42A-573C-6F9D-125B53F8C2C3" name="CLINICA_SEDE_FK">
<createdBy>margo</createdBy>
<createdTime>2020-10-28 00:27:53 UTC</createdTime>
<generatorID>5024079E-A73E-282A-AFF5-13874ED92788</generatorID>
<ownerDesignName>ERLOGICOFINAL</ownerDesignName>
<indexState>Foreign Key</indexState>
<isSurrogateKey>false</isSurrogateKey>
<indexColumnUsage>
<colUsage columnID="CEE098F1-B32E-BCDC-F19D-D4287EEBF623"/>
</indexColumnUsage>
</ind_PK_UK>
</indexes>
</Table>