<?xml version = '1.0' encoding = 'UTF-8'?>
<Table class="oracle.dbtools.crest.model.design.relational.Table" directorySegmentName="seg_0" id="AFDF9501-4AA8-5685-49F9-D53439DDF7EF" name="INGR_INSUMO">
<createdBy>margo</createdBy>
<createdTime>2020-10-28 00:27:53 UTC</createdTime>
<generatorID>15D72654-CFBC-B007-A54C-37F5FD837F76</generatorID>
<ownerDesignName>ERLOGICOFINAL</ownerDesignName>
<allowColumnReorder>false</allowColumnReorder>
<existDependencyGenerateInDDl>true</existDependencyGenerateInDDl>
<parsed>true</parsed>
<columns itemClass="oracle.dbtools.crest.model.design.relational.Column">
<Column name="ID_INGR_INSUMO" id="C99F924D-47C6-33D7-CF0B-030A240AEC27">
<createdBy>margo</createdBy>
<createdTime>2020-10-28 00:27:53 UTC</createdTime>
<generatorID>85722A21-6D62-1C5F-9671-A5C5183F72B4</generatorID>
<ownerDesignName>ERLOGICOFINAL</ownerDesignName>
<useDomainConstraints>false</useDomainConstraints>
<use>1</use>
<logicalDatatype>LOGDT011</logicalDatatype>
<ownDataTypeParameters>,,</ownDataTypeParameters>
<autoIncrementCycle>false</autoIncrementCycle>
</Column>
<Column name="CANTIDAD" id="55ED74C5-5E33-72E4-3358-5142FD72CA04">
<createdBy>margo</createdBy>
<createdTime>2020-10-28 00:27:53 UTC</createdTime>
<generatorID>92C51DBB-3B63-1B96-66A0-C2B74D8FEB0C</generatorID>
<ownerDesignName>ERLOGICOFINAL</ownerDesignName>
<nullsAllowed>true</nullsAllowed>
<useDomainConstraints>false</useDomainConstraints>
<use>1</use>
<logicalDatatype>LOGDT024</logicalDatatype>
<dataTypeSize>100</dataTypeSize>
<ownDataTypeParameters>100,,</ownDataTypeParameters>
<autoIncrementCycle>false</autoIncrementCycle>
</Column>
<Column name="PRECIO_COMPRA" id="9D35E576-F4CA-8549-34BB-346CE2472A39">
<createdBy>margo</createdBy>
<createdTime>2020-10-28 00:27:53 UTC</createdTime>
<generatorID>B2B2AE27-96B9-C1D1-6574-2FA852E19DA3</generatorID>
<ownerDesignName>ERLOGICOFINAL</ownerDesignName>
<nullsAllowed>true</nullsAllowed>
<useDomainConstraints>false</useDomainConstraints>
<use>1</use>
<logicalDatatype>LOGDT026</logicalDatatype>
<dataTypePrecision>17</dataTypePrecision>
<dataTypeScale>2</dataTypeScale>
<ownDataTypeParameters>,17,2</ownDataTypeParameters>
<autoIncrementCycle>false</autoIncrementCycle>
</Column>
<Column name="NO_FACTURA" id="6742E7CC-D163-FADD-202B-D3764F7BCEE1">
<createdBy>margo</createdBy>
<createdTime>2020-10-28 00:27:53 UTC</createdTime>
<generatorID>F34D14C3-6190-7022-33C9-4F325D2C2BB7</generatorID>
<ownerDesignName>ERLOGICOFINAL</ownerDesignName>
<nullsAllowed>true</nullsAllowed>
<useDomainConstraints>false</useDomainConstraints>
<use>1</use>
<logicalDatatype>LOGDT024</logicalDatatype>
<dataTypeSize>100</dataTypeSize>
<ownDataTypeParameters>100,,</ownDataTypeParameters>
<autoIncrementCycle>false</autoIncrementCycle>
</Column>
<Column name="FECHA_INGRESO" id="E0493B38-C678-FE0D-DB07-23B23474846B">
<createdBy>margo</createdBy>
<createdTime>2020-10-28 00:27:53 UTC</createdTime>
<generatorID>B25256A3-0FA0-7454-9406-23EB6DF0A0D2</generatorID>
<ownerDesignName>ERLOGICOFINAL</ownerDesignName>
<nullsAllowed>true</nullsAllowed>
<useDomainConstraints>false</useDomainConstraints>
<use>1</use>
<logicalDatatype>LOGDT007</logicalDatatype>
<ownDataTypeParameters>,,</ownDataTypeParameters>
<autoIncrementCycle>false</autoIncrementCycle>
</Column>
<Column name="BODEGA_ID_BODEGA" id="8CDF99CD-A2B0-A9CC-F8EF-08D726AE8BF8">
<createdBy>margo</createdBy>
<createdTime>2020-10-28 00:27:53 UTC</createdTime>
<generatorID>CB23F6A5-3524-DF95-23A5-4A0171516214</generatorID>
<ownerDesignName>ERLOGICOFINAL</ownerDesignName>
<useDomainConstraints>false</useDomainConstraints>
<use>1</use>
<logicalDatatype>LOGDT011</logicalDatatype>
<ownDataTypeParameters>,,</ownDataTypeParameters>
<previousColumn>false</previousColumn>
<autoIncrementCycle>false</autoIncrementCycle>
<associations>
<colAssociation fkAssociation="BEC6D1B2-3E19-14A7-9116-C0F611B7C5CF" referredColumn="1458758A-F9F7-5590-8063-C575B2FC31C5"/>
</associations>
</Column>
<Column name="PROVEEDOR_ID_PROVEEDOR" id="B337CD1F-47D5-5245-7475-0AB00AE238F9">
<createdBy>margo</createdBy>
<createdTime>2020-10-28 00:27:53 UTC</createdTime>
<generatorID>B8471151-5FAC-7FC0-D27C-35C43A590BB9</generatorID>
<ownerDesignName>ERLOGICOFINAL</ownerDesignName>
<useDomainConstraints>false</useDomainConstraints>
<use>1</use>
<logicalDatatype>LOGDT011</logicalDatatype>
<ownDataTypeParameters>,,</ownDataTypeParameters>
<previousColumn>false</previousColumn>
<autoIncrementCycle>false</autoIncrementCycle>
<associations>
<colAssociation fkAssociation="C16D8EBC-ADA9-97BA-7B12-7576E466E2BD" referredColumn="825D0458-AFE8-3459-B800-5AD230C1745D"/>
</associations>
</Column>
</columns>
<indexes itemClass="oracle.dbtools.crest.model.design.relational.Index">
<ind_PK_UK id="4E6DB7C8-8E27-8770-C8CB-1BA453E27D30" name="INGR_INSUMO_PK">
<createdBy>margo</createdBy>
<createdTime>2020-10-28 00:27:53 UTC</createdTime>
<generatorID>33D94210-C187-DE84-5C02-DB8337BFA808</generatorID>
<ownerDesignName>ERLOGICOFINAL</ownerDesignName>
<pk>true</pk>
<indexState>Primary Constraint</indexState>
<isSurrogateKey>false</isSurrogateKey>
<indexColumnUsage>
<colUsage columnID="C99F924D-47C6-33D7-CF0B-030A240AEC27"/>
</indexColumnUsage>
</ind_PK_UK>
<ind_PK_UK id="9A4FAB24-7BD3-9160-08BA-0A0E0430CFB4" name="INGR_INSUMO_BODEGA_FK">
<createdBy>margo</createdBy>
<createdTime>2020-10-28 00:27:53 UTC</createdTime>
<generatorID>ADE2EE64-5014-28FD-F5F3-7D0EBDE2DF1A</generatorID>
<ownerDesignName>ERLOGICOFINAL</ownerDesignName>
<indexState>Foreign Key</indexState>
<isSurrogateKey>false</isSurrogateKey>
<indexColumnUsage>
<colUsage columnID="8CDF99CD-A2B0-A9CC-F8EF-08D726AE8BF8"/>
</indexColumnUsage>
</ind_PK_UK>
<ind_PK_UK id="57E0FF15-C812-2B2A-6B75-6D38A3DA5AF9" name="INGR_INSUMO_PROVEEDOR_FK">
<createdBy>margo</createdBy>
<createdTime>2020-10-28 00:27:53 UTC</createdTime>
<generatorID>CD94FF93-FB96-7305-62EE-E358D63887E2</generatorID>
<ownerDesignName>ERLOGICOFINAL</ownerDesignName>
<indexState>Foreign Key</indexState>
<isSurrogateKey>false</isSurrogateKey>
<indexColumnUsage>
<colUsage columnID="B337CD1F-47D5-5245-7475-0AB00AE238F9"/>
</indexColumnUsage>
</ind_PK_UK>
</indexes>
</Table>