<?xml version = '1.0' encoding = 'UTF-8'?>
<Table class="oracle.dbtools.crest.model.design.relational.Table" directorySegmentName="seg_0" id="D0228C9D-DB0D-187B-B08E-446FD7CD86D1" name="EXPED">
<createdBy>margo</createdBy>
<createdTime>2020-10-28 00:27:53 UTC</createdTime>
<generatorID>0389637E-BE9B-664B-36BE-98BB2F60ABEF</generatorID>
<ownerDesignName>ERLOGICOFINAL</ownerDesignName>
<allowColumnReorder>false</allowColumnReorder>
<existDependencyGenerateInDDl>true</existDependencyGenerateInDDl>
<parsed>true</parsed>
<columns itemClass="oracle.dbtools.crest.model.design.relational.Column">
<Column name="ID_EXPEDIENTE" id="EAE170F8-BCFA-C36D-892F-7F19225C52F3">
<createdBy>margo</createdBy>
<createdTime>2020-10-28 00:27:53 UTC</createdTime>
<generatorID>989A9B22-3C4F-5A63-75D8-F6C86839FD5C</generatorID>
<ownerDesignName>ERLOGICOFINAL</ownerDesignName>
<useDomainConstraints>false</useDomainConstraints>
<use>1</use>
<logicalDatatype>LOGDT011</logicalDatatype>
<ownDataTypeParameters>,,</ownDataTypeParameters>
<autoIncrementCycle>false</autoIncrementCycle>
</Column>
<Column name="EDAD" id="14334AE6-A817-3893-AFB9-BD3DBB3DF1BD">
<createdBy>margo</createdBy>
<createdTime>2020-10-28 00:27:53 UTC</createdTime>
<generatorID>3FAAD4A4-58F7-A2B4-4FC6-3D6071575ED3</generatorID>
<ownerDesignName>ERLOGICOFINAL</ownerDesignName>
<nullsAllowed>true</nullsAllowed>
<useDomainConstraints>false</useDomainConstraints>
<use>1</use>
<logicalDatatype>LOGDT024</logicalDatatype>
<dataTypeSize>4</dataTypeSize>
<ownDataTypeParameters>4,,</ownDataTypeParameters>
<autoIncrementCycle>false</autoIncrementCycle>
</Column>
<Column name="PESO" id="702C78FE-231C-3F70-E643-B35D84F9D8B2">
<createdBy>margo</createdBy>
<createdTime>2020-10-28 00:27:53 UTC</createdTime>
<generatorID>6385012C-9150-A16D-69F8-E660FD95C839</generatorID>
<ownerDesignName>ERLOGICOFINAL</ownerDesignName>
<nullsAllowed>true</nullsAllowed>
<useDomainConstraints>false</useDomainConstraints>
<use>1</use>
<logicalDatatype>LOGDT024</logicalDatatype>
<dataTypeSize>5</dataTypeSize>
<ownDataTypeParameters>5,,</ownDataTypeParameters>
<autoIncrementCycle>false</autoIncrementCycle>
</Column>
<Column name="TAMAÑO" id="74F8F1CF-0DD6-9064-A959-F324A9B515D5">
<createdBy>margo</createdBy>
<createdTime>2020-10-28 00:27:53 UTC</createdTime>
<generatorID>8FA2EB9A-FC11-31DA-8AF3-E5A47FB635F3</generatorID>
<ownerDesignName>ERLOGICOFINAL</ownerDesignName>
<nullsAllowed>true</nullsAllowed>
<useDomainConstraints>false</useDomainConstraints>
<use>1</use>
<logicalDatatype>LOGDT024</logicalDatatype>
<dataTypeSize>10</dataTypeSize>
<ownDataTypeParameters>10,,</ownDataTypeParameters>
<autoIncrementCycle>false</autoIncrementCycle>
</Column>
<Column name="TIPO_SANGRE" id="DEE95A88-A005-5D92-7A74-CC5FB052E00F">
<createdBy>margo</createdBy>
<createdTime>2020-10-28 00:27:53 UTC</createdTime>
<generatorID>BE94A05C-52F3-680D-C836-211BE756EF92</generatorID>
<ownerDesignName>ERLOGICOFINAL</ownerDesignName>
<nullsAllowed>true</nullsAllowed>
<useDomainConstraints>false</useDomainConstraints>
<use>1</use>
<logicalDatatype>LOGDT024</logicalDatatype>
<dataTypeSize>5</dataTypeSize>
<ownDataTypeParameters>5,,</ownDataTypeParameters>
<autoIncrementCycle>false</autoIncrementCycle>
</Column>
<Column name="GENERO" id="7B34E68B-8ED8-C35B-5C47-013B5A86532B">
<createdBy>margo</createdBy>
<createdTime>2020-10-28 00:27:53 UTC</createdTime>
<generatorID>448A72AA-034C-3B57-C777-AC6AF8FEE8F9</generatorID>
<ownerDesignName>ERLOGICOFINAL</ownerDesignName>
<nullsAllowed>true</nullsAllowed>
<useDomainConstraints>false</useDomainConstraints>
<use>1</use>
<logicalDatatype>LOGDT024</logicalDatatype>
<dataTypeSize>1</dataTypeSize>
<ownDataTypeParameters>1,,</ownDataTypeParameters>
<autoIncrementCycle>false</autoIncrementCycle>
</Column>
<Column name="ALERGICO" id="D0B74BFF-EFEB-91D0-3E3B-AE2FFA76D7E9">
<createdBy>margo</createdBy>
<createdTime>2020-10-28 00:27:53 UTC</createdTime>
<generatorID>E47CEF76-6095-7E87-7792-667D3A9F3703</generatorID>
<ownerDesignName>ERLOGICOFINAL</ownerDesignName>
<nullsAllowed>true</nullsAllowed>
<useDomainConstraints>false</useDomainConstraints>
<use>1</use>
<logicalDatatype>LOGDT024</logicalDatatype>
<dataTypeSize>20</dataTypeSize>
<ownDataTypeParameters>20,,</ownDataTypeParameters>
<autoIncrementCycle>false</autoIncrementCycle>
</Column>
<Column name="OTRA_ENFERMEDAD" id="40FEB33B-E427-2C12-3DDF-163143E7F2E3">
<createdBy>margo</createdBy>
<createdTime>2020-10-28 00:27:53 UTC</createdTime>
<generatorID>E03D192E-FF1B-17DE-3A02-8FD46D50E6DD</generatorID>
<ownerDesignName>ERLOGICOFINAL</ownerDesignName>
<nullsAllowed>true</nullsAllowed>
<useDomainConstraints>false</useDomainConstraints>
<use>1</use>
<logicalDatatype>LOGDT024</logicalDatatype>
<dataTypeSize>50</dataTypeSize>
<ownDataTypeParameters>50,,</ownDataTypeParameters>
<autoIncrementCycle>false</autoIncrementCycle>
</Column>
<Column name="CLIENTE_ID_CLIENTE" id="2025E19B-7989-0550-2807-A7EBE1EB7301">
<createdBy>margo</createdBy>
<createdTime>2020-10-28 00:27:53 UTC</createdTime>
<generatorID>64807DF0-C388-E573-E396-457E89193123</generatorID>
<ownerDesignName>ERLOGICOFINAL</ownerDesignName>
<useDomainConstraints>false</useDomainConstraints>
<use>1</use>
<logicalDatatype>LOGDT011</logicalDatatype>
<ownDataTypeParameters>,,</ownDataTypeParameters>
<previousColumn>false</previousColumn>
<autoIncrementCycle>false</autoIncrementCycle>
<associations>
<colAssociation fkAssociation="77B0662B-72A7-4F3A-DD4B-DFEC9F18AFFE" referredColumn="3A48A724-677A-700C-0998-5BEB0422F8EC"/>
</associations>
</Column>
<Column name="SIG_VITAL_ID_SIGNO_VITAL" id="3DFB982E-2250-D4C7-2720-E0C679017029">
<createdBy>margo</createdBy>
<createdTime>2020-10-28 00:27:53 UTC</createdTime>
<generatorID>7C4607F0-79C8-FE76-860F-35C818D610E3</generatorID>
<ownerDesignName>ERLOGICOFINAL</ownerDesignName>
<useDomainConstraints>false</useDomainConstraints>
<use>1</use>
<logicalDatatype>LOGDT011</logicalDatatype>
<ownDataTypeParameters>,,</ownDataTypeParameters>
<previousColumn>false</previousColumn>
<autoIncrementCycle>false</autoIncrementCycle>
<associations>
<colAssociation fkAssociation="F23AC239-0AAA-2269-B6D6-D8CC98DB3D2D" referredColumn="D7FB23A1-C1C5-DFBC-14AC-1F2EF325C664"/>
</associations>
</Column>
<Column name="CLINICA_ID_CLINICA" id="800BC1D9-7424-36BC-70DC-64B7B177E26A">
<createdBy>margo</createdBy>
<createdTime>2020-10-28 00:27:53 UTC</createdTime>
<generatorID>2D99C211-AB28-AE07-AA87-F7DE89217168</generatorID>
<ownerDesignName>ERLOGICOFINAL</ownerDesignName>
<useDomainConstraints>false</useDomainConstraints>
<use>1</use>
<logicalDatatype>LOGDT011</logicalDatatype>
<ownDataTypeParameters>,,</ownDataTypeParameters>
<previousColumn>false</previousColumn>
<autoIncrementCycle>false</autoIncrementCycle>
<associations>
<colAssociation fkAssociation="CF9C4527-8C46-E5FF-FDAF-1B20D5242B9E" referredColumn="57AEFF58-8417-4117-434F-EE7F2C6814EC"/>
</associations>
</Column>
<Column name="EMPLEADO_ID_EMPLEADO" id="6B3751BE-3243-7967-9668-71B395FB678D">
<createdBy>margo</createdBy>
<createdTime>2020-10-28 00:27:53 UTC</createdTime>
<generatorID>991D6430-F8E6-5223-CEDF-3F7D03246B57</generatorID>
<ownerDesignName>ERLOGICOFINAL</ownerDesignName>
<useDomainConstraints>false</useDomainConstraints>
<use>1</use>
<logicalDatatype>LOGDT011</logicalDatatype>
<ownDataTypeParameters>,,</ownDataTypeParameters>
<previousColumn>false</previousColumn>
<autoIncrementCycle>false</autoIncrementCycle>
<associations>
<colAssociation fkAssociation="BC58B8E5-FDBD-9052-24D0-0033BECD214B" referredColumn="3ABD5F22-23CF-1C0A-DDE9-56AE62BFC0C6"/>
</associations>
</Column>
</columns>
<indexes itemClass="oracle.dbtools.crest.model.design.relational.Index">
<ind_PK_UK id="56F7FF5B-817C-B0AA-98D0-E9EE2C18C23D" name="EXPED_PK">
<createdBy>margo</createdBy>
<createdTime>2020-10-28 00:27:53 UTC</createdTime>
<generatorID>CF9FB3C0-2A55-EEB3-BF99-BDF4CD455593</generatorID>
<ownerDesignName>ERLOGICOFINAL</ownerDesignName>
<pk>true</pk>
<indexState>Primary Constraint</indexState>
<isSurrogateKey>false</isSurrogateKey>
<indexColumnUsage>
<colUsage columnID="EAE170F8-BCFA-C36D-892F-7F19225C52F3"/>
</indexColumnUsage>
</ind_PK_UK>
<ind_PK_UK id="C8B02483-824C-1940-42FB-516E0834DF80" name="EXPED__IDX">
<createdBy>margo</createdBy>
<createdTime>2020-10-28 00:27:53 UTC</createdTime>
<ownerDesignName>ERLOGICOFINAL</ownerDesignName>
<indexState>Unique Plain Index</indexState>
<isSurrogateKey>false</isSurrogateKey>
<relationGeneratorID>3EBFCB8A-A3B9-5D5E-C793-7C21B446F674</relationGeneratorID>
<indexColumnUsage>
<colUsage columnID="2025E19B-7989-0550-2807-A7EBE1EB7301"/>
</indexColumnUsage>
</ind_PK_UK>
<ind_PK_UK id="4AF1BBAC-B6D2-E6C9-BC9F-7F58BC455D33" name="EXPED_CLIENTE_FK">
<createdBy>margo</createdBy>
<createdTime>2020-10-28 00:27:53 UTC</createdTime>
<generatorID>3EBFCB8A-A3B9-5D5E-C793-7C21B446F674</generatorID>
<ownerDesignName>ERLOGICOFINAL</ownerDesignName>
<indexState>Foreign Key</indexState>
<isSurrogateKey>false</isSurrogateKey>
<indexColumnUsage>
<colUsage columnID="2025E19B-7989-0550-2807-A7EBE1EB7301"/>
</indexColumnUsage>
</ind_PK_UK>
<ind_PK_UK id="A81C8BA1-1E52-7744-B164-77F573F3D668" name="EXPED_CLINICA_FK">
<createdBy>margo</createdBy>
<createdTime>2020-10-28 00:27:53 UTC</createdTime>
<generatorID>9C139B6A-CCBF-187E-2E7A-D2D545753223</generatorID>
<ownerDesignName>ERLOGICOFINAL</ownerDesignName>
<indexState>Foreign Key</indexState>
<isSurrogateKey>false</isSurrogateKey>
<indexColumnUsage>
<colUsage columnID="800BC1D9-7424-36BC-70DC-64B7B177E26A"/>
</indexColumnUsage>
</ind_PK_UK>
<ind_PK_UK id="E2D21E6B-A4D6-2DA1-6EAE-4CD6CF1EE264" name="EXPED_EMPLEADO_FK">
<createdBy>margo</createdBy>
<createdTime>2020-10-28 00:27:53 UTC</createdTime>
<generatorID>29018F7E-040E-32E4-E9E4-FDD65C01D9EF</generatorID>
<ownerDesignName>ERLOGICOFINAL</ownerDesignName>
<indexState>Foreign Key</indexState>
<isSurrogateKey>false</isSurrogateKey>
<indexColumnUsage>
<colUsage columnID="6B3751BE-3243-7967-9668-71B395FB678D"/>
</indexColumnUsage>
</ind_PK_UK>
<ind_PK_UK id="C461AEFB-21BB-367E-1A3A-641BB7ED454A" name="EXPED_SIG_VITAL_FK">
<createdBy>margo</createdBy>
<createdTime>2020-10-28 00:27:53 UTC</createdTime>
<generatorID>FBE7A482-AD1D-1516-EDAD-C28C7B5F9E87</generatorID>
<ownerDesignName>ERLOGICOFINAL</ownerDesignName>
<indexState>Foreign Key</indexState>
<isSurrogateKey>false</isSurrogateKey>
<indexColumnUsage>
<colUsage columnID="3DFB982E-2250-D4C7-2720-E0C679017029"/>
</indexColumnUsage>
</ind_PK_UK>
</indexes>
</Table>