<?xml version = '1.0' encoding = 'UTF-8'?>
<Table class="oracle.dbtools.crest.model.design.relational.Table" directorySegmentName="seg_0" id="DF6B5FAB-8B0E-AA05-601D-9201A12DEE64" name="CITA">
<createdBy>margo</createdBy>
<createdTime>2020-10-28 00:27:52 UTC</createdTime>
<generatorID>6F1701EE-5286-E76E-DA7C-69A863629719</generatorID>
<ownerDesignName>ERLOGICOFINAL</ownerDesignName>
<allowColumnReorder>false</allowColumnReorder>
<existDependencyGenerateInDDl>true</existDependencyGenerateInDDl>
<parsed>true</parsed>
<columns itemClass="oracle.dbtools.crest.model.design.relational.Column">
<Column name="ID_CITA" id="796BA6C5-9DBC-C206-A35A-01F69D486691">
<createdBy>margo</createdBy>
<createdTime>2020-10-28 00:27:52 UTC</createdTime>
<generatorID>E310614A-C567-CF69-019E-BE75E4B5BD1D</generatorID>
<ownerDesignName>ERLOGICOFINAL</ownerDesignName>
<useDomainConstraints>false</useDomainConstraints>
<use>1</use>
<logicalDatatype>LOGDT011</logicalDatatype>
<ownDataTypeParameters>,,</ownDataTypeParameters>
<autoIncrementCycle>false</autoIncrementCycle>
</Column>
<Column name="FECHA" id="98348A06-281A-EBD4-5EE5-849D8E871DDB">
<createdBy>margo</createdBy>
<createdTime>2020-10-28 00:27:52 UTC</createdTime>
<generatorID>7C43A1CA-F123-7A33-3E58-144FCC1FCF5F</generatorID>
<ownerDesignName>ERLOGICOFINAL</ownerDesignName>
<nullsAllowed>true</nullsAllowed>
<useDomainConstraints>false</useDomainConstraints>
<use>1</use>
<logicalDatatype>LOGDT007</logicalDatatype>
<ownDataTypeParameters>,,</ownDataTypeParameters>
<autoIncrementCycle>false</autoIncrementCycle>
</Column>
<Column name="HORA" id="30EF1054-19EC-0588-35CA-14EE9EE57BDC">
<createdBy>margo</createdBy>
<createdTime>2020-10-28 00:27:52 UTC</createdTime>
<generatorID>A158CE88-7886-7C39-D0D6-6B4F9DBDF137</generatorID>
<ownerDesignName>ERLOGICOFINAL</ownerDesignName>
<nullsAllowed>true</nullsAllowed>
<useDomainConstraints>false</useDomainConstraints>
<use>1</use>
<logicalDatatype>LOGDT008</logicalDatatype>
<ownDataTypeParameters>,,</ownDataTypeParameters>
<autoIncrementCycle>false</autoIncrementCycle>
</Column>
<Column name="TRASLADO" id="725F98AD-2293-17BA-6928-FEEED5E33FF5">
<createdBy>margo</createdBy>
<createdTime>2020-10-28 00:27:52 UTC</createdTime>
<generatorID>6F2EBE46-5D2D-CE36-065C-B4CB2473BF5B</generatorID>
<ownerDesignName>ERLOGICOFINAL</ownerDesignName>
<nullsAllowed>true</nullsAllowed>
<useDomainConstraints>false</useDomainConstraints>
<use>1</use>
<logicalDatatype>LOGDT024</logicalDatatype>
<dataTypeSize>100</dataTypeSize>
<ownDataTypeParameters>100,,</ownDataTypeParameters>
<autoIncrementCycle>false</autoIncrementCycle>
</Column>
<Column name="CLINICA_ID_CLINICA" id="9CE7E355-B94C-6D5F-6A5F-18D19ABA6C08">
<createdBy>margo</createdBy>
<createdTime>2020-10-28 00:27:52 UTC</createdTime>
<generatorID>A1B6CE44-840D-8637-406B-5F0208DA389E</generatorID>
<ownerDesignName>ERLOGICOFINAL</ownerDesignName>
<useDomainConstraints>false</useDomainConstraints>
<use>1</use>
<logicalDatatype>LOGDT011</logicalDatatype>
<ownDataTypeParameters>,,</ownDataTypeParameters>
<previousColumn>false</previousColumn>
<autoIncrementCycle>false</autoIncrementCycle>
<associations>
<colAssociation fkAssociation="B052D799-65AF-820E-8960-05D5226F5461" referredColumn="57AEFF58-8417-4117-434F-EE7F2C6814EC"/>
</associations>
</Column>
<Column name="LABO_ID_LABO" id="398C51D2-E90E-A583-6FCA-BE6B6E3956A6">
<createdBy>margo</createdBy>
<createdTime>2020-10-28 00:27:52 UTC</createdTime>
<generatorID>41166285-D835-CB21-419E-DB89765EC7B9</generatorID>
<ownerDesignName>ERLOGICOFINAL</ownerDesignName>
<useDomainConstraints>false</useDomainConstraints>
<use>1</use>
<logicalDatatype>LOGDT011</logicalDatatype>
<ownDataTypeParameters>,,</ownDataTypeParameters>
<previousColumn>false</previousColumn>
<autoIncrementCycle>false</autoIncrementCycle>
<associations>
<colAssociation fkAssociation="B79DD0BF-72F2-3E95-B8C9-962AD2BE1EAF" referredColumn="EE708F2B-D6FF-D67F-2ECB-E400E9E43B60"/>
</associations>
</Column>
<Column name="SERVICIO_ID_SERVICIO" id="74A0FD2C-F6E9-DFF8-44F8-37B1C58086C7">
<createdBy>margo</createdBy>
<createdTime>2020-10-28 00:27:52 UTC</createdTime>
<generatorID>D12212C6-0C09-7751-3C16-0DA87F5F55E9</generatorID>
<ownerDesignName>ERLOGICOFINAL</ownerDesignName>
<useDomainConstraints>false</useDomainConstraints>
<use>1</use>
<logicalDatatype>LOGDT011</logicalDatatype>
<ownDataTypeParameters>,,</ownDataTypeParameters>
<previousColumn>false</previousColumn>
<autoIncrementCycle>false</autoIncrementCycle>
<associations>
<colAssociation fkAssociation="85B64FB4-E099-8BA8-5A8E-EC8AE4792399" referredColumn="8CF9A3E5-DB87-2372-B2AA-008A9AEE675B"/>
</associations>
</Column>
<Column name="CLIENTE_ID_CLIENTE" id="7E00E20A-9D87-8015-FF13-D78BA43333F0">
<createdBy>margo</createdBy>
<createdTime>2020-10-28 00:27:52 UTC</createdTime>
<generatorID>5C5ECC61-E831-1DB5-1469-44D445FC76E5</generatorID>
<ownerDesignName>ERLOGICOFINAL</ownerDesignName>
<useDomainConstraints>false</useDomainConstraints>
<use>1</use>
<logicalDatatype>LOGDT011</logicalDatatype>
<ownDataTypeParameters>,,</ownDataTypeParameters>
<previousColumn>false</previousColumn>
<autoIncrementCycle>false</autoIncrementCycle>
<associations>
<colAssociation fkAssociation="4D6B386A-1BAC-AC9C-4670-21A4CD3488EE" referredColumn="3A48A724-677A-700C-0998-5BEB0422F8EC"/>
</associations>
</Column>
</columns>
<indexes itemClass="oracle.dbtools.crest.model.design.relational.Index">
<ind_PK_UK id="520F45B6-4D04-DE5F-7CC5-FB725DABAC21" name="CITA_PK">
<createdBy>margo</createdBy>
<createdTime>2020-10-28 00:27:52 UTC</createdTime>
<generatorID>92BD1461-A30B-8FAB-582D-198AA5F7296A</generatorID>
<ownerDesignName>ERLOGICOFINAL</ownerDesignName>
<pk>true</pk>
<indexState>Primary Constraint</indexState>
<isSurrogateKey>false</isSurrogateKey>
<indexColumnUsage>
<colUsage columnID="796BA6C5-9DBC-C206-A35A-01F69D486691"/>
</indexColumnUsage>
</ind_PK_UK>
<ind_PK_UK id="7BC68B25-04C8-1823-8243-D3F55A3DBB44" name="CITA_CLIENTE_FK">
<createdBy>margo</createdBy>
<createdTime>2020-10-28 00:27:53 UTC</createdTime>
<generatorID>A05C668F-B6BE-4D1D-CBC6-DFC16A4EE862</generatorID>
<ownerDesignName>ERLOGICOFINAL</ownerDesignName>
<indexState>Foreign Key</indexState>
<isSurrogateKey>false</isSurrogateKey>
<indexColumnUsage>
<colUsage columnID="7E00E20A-9D87-8015-FF13-D78BA43333F0"/>
</indexColumnUsage>
</ind_PK_UK>
<ind_PK_UK id="BBAAB796-1E5C-4537-8647-98BDE00C2FF1" name="CITA_CLINICA_FK">
<createdBy>margo</createdBy>
<createdTime>2020-10-28 00:27:53 UTC</createdTime>
<generatorID>DDCDB12E-C09D-6F51-5562-94C3872D6171</generatorID>
<ownerDesignName>ERLOGICOFINAL</ownerDesignName>
<indexState>Foreign Key</indexState>
<isSurrogateKey>false</isSurrogateKey>
<indexColumnUsage>
<colUsage columnID="9CE7E355-B94C-6D5F-6A5F-18D19ABA6C08"/>
</indexColumnUsage>
</ind_PK_UK>
<ind_PK_UK id="1DB07ABF-833A-5DAC-0419-46A8EC8D08C0" name="CITA_LABO_FK">
<createdBy>margo</createdBy>
<createdTime>2020-10-28 00:27:53 UTC</createdTime>
<generatorID>01F3E69C-0DFF-5F86-77A2-80ACCDD581CA</generatorID>
<ownerDesignName>ERLOGICOFINAL</ownerDesignName>
<indexState>Foreign Key</indexState>
<isSurrogateKey>false</isSurrogateKey>
<indexColumnUsage>
<colUsage columnID="398C51D2-E90E-A583-6FCA-BE6B6E3956A6"/>
</indexColumnUsage>
</ind_PK_UK>
<ind_PK_UK id="85DD72C1-91B9-A257-BC57-15B0DA414949" name="CITA_SERVICIO_FK">
<createdBy>margo</createdBy>
<createdTime>2020-10-28 00:27:53 UTC</createdTime>
<generatorID>20B097DA-DB44-A20A-DCAE-6C3AE77683A7</generatorID>
<ownerDesignName>ERLOGICOFINAL</ownerDesignName>
<indexState>Foreign Key</indexState>
<isSurrogateKey>false</isSurrogateKey>
<indexColumnUsage>
<colUsage columnID="74A0FD2C-F6E9-DFF8-44F8-37B1C58086C7"/>
</indexColumnUsage>
</ind_PK_UK>
</indexes>
</Table>