<?xml version = '1.0' encoding = 'UTF-8'?>
<Table class="oracle.dbtools.crest.model.design.relational.Table" directorySegmentName="seg_0" id="F9B030F4-37C5-9384-5FF8-A84C5F8929ED" name="CAJA">
<createdBy>margo</createdBy>
<createdTime>2020-10-28 00:27:52 UTC</createdTime>
<generatorID>38575944-233A-CC8E-83DE-75783E58B88B</generatorID>
<ownerDesignName>ERLOGICOFINAL</ownerDesignName>
<allowColumnReorder>false</allowColumnReorder>
<existDependencyGenerateInDDl>true</existDependencyGenerateInDDl>
<parsed>true</parsed>
<columns itemClass="oracle.dbtools.crest.model.design.relational.Column">
<Column name="ID_CAJA" id="BB690089-C3AF-ED50-4A4D-A08B2966ADDF">
<createdBy>margo</createdBy>
<createdTime>2020-10-28 00:27:52 UTC</createdTime>
<generatorID>E872518F-C93C-21AB-7CC0-38538F70E748</generatorID>
<ownerDesignName>ERLOGICOFINAL</ownerDesignName>
<useDomainConstraints>false</useDomainConstraints>
<use>1</use>
<logicalDatatype>LOGDT011</logicalDatatype>
<ownDataTypeParameters>,,</ownDataTypeParameters>
<autoIncrementCycle>false</autoIncrementCycle>
</Column>
<Column name="CANTIDAD" id="8945060B-B9C7-9493-7BFB-5579D186839D">
<createdBy>margo</createdBy>
<createdTime>2020-10-28 00:27:52 UTC</createdTime>
<generatorID>5AD3AB04-87B1-7A91-E9A8-7288CDD01288</generatorID>
<ownerDesignName>ERLOGICOFINAL</ownerDesignName>
<nullsAllowed>true</nullsAllowed>
<useDomainConstraints>false</useDomainConstraints>
<use>1</use>
<logicalDatatype>LOGDT024</logicalDatatype>
<dataTypeSize>100</dataTypeSize>
<ownDataTypeParameters>100,,</ownDataTypeParameters>
<autoIncrementCycle>false</autoIncrementCycle>
</Column>
<Column name="MONTO_UNITARIO" id="84E4EF67-0BAB-4F18-656D-183A5A35ECB6">
<createdBy>margo</createdBy>
<createdTime>2020-10-28 00:27:52 UTC</createdTime>
<generatorID>CE5D7754-414C-BE5E-D172-4E1A3606CA54</generatorID>
<ownerDesignName>ERLOGICOFINAL</ownerDesignName>
<nullsAllowed>true</nullsAllowed>
<useDomainConstraints>false</useDomainConstraints>
<use>1</use>
<logicalDatatype>LOGDT026</logicalDatatype>
<dataTypePrecision>17</dataTypePrecision>
<dataTypeScale>2</dataTypeScale>
<ownDataTypeParameters>,17,2</ownDataTypeParameters>
<autoIncrementCycle>false</autoIncrementCycle>
</Column>
<Column name="DESCUENTO" id="D1F57AA4-C908-A0B2-DD8F-BFAF5CEE8C03">
<createdBy>margo</createdBy>
<createdTime>2020-10-28 00:27:52 UTC</createdTime>
<generatorID>E64A89FF-1273-60D9-D47A-F755A83BCFC4</generatorID>
<ownerDesignName>ERLOGICOFINAL</ownerDesignName>
<nullsAllowed>true</nullsAllowed>
<useDomainConstraints>false</useDomainConstraints>
<use>1</use>
<logicalDatatype>LOGDT026</logicalDatatype>
<dataTypePrecision>17</dataTypePrecision>
<dataTypeScale>2</dataTypeScale>
<ownDataTypeParameters>,17,2</ownDataTypeParameters>
<autoIncrementCycle>false</autoIncrementCycle>
</Column>
<Column name="MONTO_TOTAL" id="E87FD33D-06EC-2689-7617-8F49735BB628">
<createdBy>margo</createdBy>
<createdTime>2020-10-28 00:27:52 UTC</createdTime>
<generatorID>41F993A6-E768-1DC5-AA42-BAE918AF0BAB</generatorID>
<ownerDesignName>ERLOGICOFINAL</ownerDesignName>
<nullsAllowed>true</nullsAllowed>
<useDomainConstraints>false</useDomainConstraints>
<use>1</use>
<logicalDatatype>LOGDT026</logicalDatatype>
<dataTypePrecision>17</dataTypePrecision>
<dataTypeScale>2</dataTypeScale>
<ownDataTypeParameters>,17,2</ownDataTypeParameters>
<autoIncrementCycle>false</autoIncrementCycle>
</Column>
<Column name="CANCELADO" id="2569363A-4482-DB27-D9AB-9183790A5B31">
<createdBy>margo</createdBy>
<createdTime>2020-10-28 00:27:52 UTC</createdTime>
<generatorID>B61B7BA4-232D-D8CF-E21A-C9534F1F61F7</generatorID>
<ownerDesignName>ERLOGICOFINAL</ownerDesignName>
<nullsAllowed>true</nullsAllowed>
<useDomainConstraints>false</useDomainConstraints>
<use>1</use>
<logicalDatatype>LOGDT026</logicalDatatype>
<dataTypePrecision>17</dataTypePrecision>
<dataTypeScale>2</dataTypeScale>
<ownDataTypeParameters>,17,2</ownDataTypeParameters>
<autoIncrementCycle>false</autoIncrementCycle>
</Column>
<Column name="FECHA" id="DE3A9643-BF5A-B74F-F06B-AFDBF26B6D17">
<createdBy>margo</createdBy>
<createdTime>2020-10-28 00:27:52 UTC</createdTime>
<generatorID>A3E02BE4-18ED-5FD8-2FDF-BDCC4E3FE452</generatorID>
<ownerDesignName>ERLOGICOFINAL</ownerDesignName>
<nullsAllowed>true</nullsAllowed>
<useDomainConstraints>false</useDomainConstraints>
<use>1</use>
<logicalDatatype>LOGDT007</logicalDatatype>
<ownDataTypeParameters>,,</ownDataTypeParameters>
<autoIncrementCycle>false</autoIncrementCycle>
</Column>
<Column name="NIT" id="2D365143-B611-8967-7276-CE35CBAC3C77">
<createdBy>margo</createdBy>
<createdTime>2020-10-28 00:27:52 UTC</createdTime>
<generatorID>B6BC082A-C76D-6E63-66FC-C86408EC38C8</generatorID>
<ownerDesignName>ERLOGICOFINAL</ownerDesignName>
<nullsAllowed>true</nullsAllowed>
<useDomainConstraints>false</useDomainConstraints>
<use>1</use>
<logicalDatatype>LOGDT024</logicalDatatype>
<dataTypeSize>10</dataTypeSize>
<ownDataTypeParameters>10,,</ownDataTypeParameters>
<autoIncrementCycle>false</autoIncrementCycle>
</Column>
<Column name="ESTADO_CAJA" id="5A452F3F-57CA-D1CD-9B16-5BCA10B4B9C7">
<createdBy>margo</createdBy>
<createdTime>2020-10-28 00:27:52 UTC</createdTime>
<generatorID>53294370-EA21-5870-091E-6E426972126A</generatorID>
<ownerDesignName>ERLOGICOFINAL</ownerDesignName>
<nullsAllowed>true</nullsAllowed>
<useDomainConstraints>false</useDomainConstraints>
<use>1</use>
<logicalDatatype>LOGDT024</logicalDatatype>
<dataTypeSize>100</dataTypeSize>
<ownDataTypeParameters>100,,</ownDataTypeParameters>
<autoIncrementCycle>false</autoIncrementCycle>
</Column>
<Column name="CLINICA_ID_CLINICA" id="49743D47-03B8-3EDD-D02A-83DD9F8F76AB">
<createdBy>margo</createdBy>
<createdTime>2020-10-28 00:27:52 UTC</createdTime>
<generatorID>28A79C4D-A044-3A7A-BE9A-F86A8550A2CC</generatorID>
<ownerDesignName>ERLOGICOFINAL</ownerDesignName>
<useDomainConstraints>false</useDomainConstraints>
<use>1</use>
<logicalDatatype>LOGDT011</logicalDatatype>
<ownDataTypeParameters>,,</ownDataTypeParameters>
<previousColumn>false</previousColumn>
<autoIncrementCycle>false</autoIncrementCycle>
<associations>
<colAssociation fkAssociation="DC74D8ED-6DC8-5C61-0918-054D12F017F9" referredColumn="57AEFF58-8417-4117-434F-EE7F2C6814EC"/>
</associations>
</Column>
<Column name="LABO_ID_LABO" id="28300127-6934-917C-39B5-728B88E7CA67">
<createdBy>margo</createdBy>
<createdTime>2020-10-28 00:27:52 UTC</createdTime>
<generatorID>785D9C33-F437-C3D3-0514-DF786D310FEB</generatorID>
<ownerDesignName>ERLOGICOFINAL</ownerDesignName>
<useDomainConstraints>false</useDomainConstraints>
<use>1</use>
<logicalDatatype>LOGDT011</logicalDatatype>
<ownDataTypeParameters>,,</ownDataTypeParameters>
<previousColumn>false</previousColumn>
<autoIncrementCycle>false</autoIncrementCycle>
<associations>
<colAssociation fkAssociation="5CDBF751-1FA4-8136-FE95-0CC5AC7B68C9" referredColumn="EE708F2B-D6FF-D67F-2ECB-E400E9E43B60"/>
</associations>
</Column>
<Column name="CUENT_A_PAG_ID_CUENT_A_PAG" id="87757A7E-C11D-FD0A-3C7D-2BBED5932419">
<createdBy>margo</createdBy>
<createdTime>2020-10-28 00:27:52 UTC</createdTime>
<generatorID>C42B0C57-DC8A-5A17-85FC-5232B54C8727</generatorID>
<ownerDesignName>ERLOGICOFINAL</ownerDesignName>
<useDomainConstraints>false</useDomainConstraints>
<use>1</use>
<logicalDatatype>LOGDT011</logicalDatatype>
<ownDataTypeParameters>,,</ownDataTypeParameters>
<previousColumn>false</previousColumn>
<autoIncrementCycle>false</autoIncrementCycle>
<associations>
<colAssociation fkAssociation="C763BC0C-8ADD-F8F9-4FBE-D61A06A8B554" referredColumn="556A685C-2EB5-BDB5-8ABF-EC000F96A071"/>
</associations>
</Column>
</columns>
<indexes itemClass="oracle.dbtools.crest.model.design.relational.Index">
<ind_PK_UK id="6B87E77E-B205-EB95-A795-47EA27225FE9" name="CAJA_PK">
<createdBy>margo</createdBy>
<createdTime>2020-10-28 00:27:52 UTC</createdTime>
<generatorID>EC78FE3A-A583-9A9C-E663-118F2A898B8D</generatorID>
<ownerDesignName>ERLOGICOFINAL</ownerDesignName>
<pk>true</pk>
<indexState>Primary Constraint</indexState>
<isSurrogateKey>false</isSurrogateKey>
<indexColumnUsage>
<colUsage columnID="BB690089-C3AF-ED50-4A4D-A08B2966ADDF"/>
</indexColumnUsage>
</ind_PK_UK>
<ind_PK_UK id="4E4A9A7D-0C66-BD14-A6F0-FE0ACD4EE1C5" name="CAJA_CLINICA_FK">
<createdBy>margo</createdBy>
<createdTime>2020-10-28 00:27:53 UTC</createdTime>
<generatorID>C9F4414A-30B3-DC8B-A3F2-EF0CE64563CB</generatorID>
<ownerDesignName>ERLOGICOFINAL</ownerDesignName>
<indexState>Foreign Key</indexState>
<isSurrogateKey>false</isSurrogateKey>
<indexColumnUsage>
<colUsage columnID="49743D47-03B8-3EDD-D02A-83DD9F8F76AB"/>
</indexColumnUsage>
</ind_PK_UK>
<ind_PK_UK id="1A9EEAD0-CB89-0E1B-809F-CE4BC955E669" name="CAJA_CUENT_A_PAG_FK">
<createdBy>margo</createdBy>
<createdTime>2020-10-28 00:27:53 UTC</createdTime>
<generatorID>A4E24979-9D4D-7E9F-8085-20394C9B5B54</generatorID>
<ownerDesignName>ERLOGICOFINAL</ownerDesignName>
<indexState>Foreign Key</indexState>
<isSurrogateKey>false</isSurrogateKey>
<indexColumnUsage>
<colUsage columnID="87757A7E-C11D-FD0A-3C7D-2BBED5932419"/>
</indexColumnUsage>
</ind_PK_UK>
<ind_PK_UK id="59EF4F0D-1A78-543F-BEA7-0BE88A1D64FD" name="CAJA_LABO_FK">
<createdBy>margo</createdBy>
<createdTime>2020-10-28 00:27:53 UTC</createdTime>
<generatorID>62B81C42-56FA-35A9-5B8D-ED957BFF333E</generatorID>
<ownerDesignName>ERLOGICOFINAL</ownerDesignName>
<indexState>Foreign Key</indexState>
<isSurrogateKey>false</isSurrogateKey>
<indexColumnUsage>
<colUsage columnID="28300127-6934-917C-39B5-728B88E7CA67"/>
</indexColumnUsage>
</ind_PK_UK>
</indexes>
</Table>