<?xml version = '1.0' encoding = 'UTF-8'?>
<relationalModel class="oracle.dbtools.crest.model.design.relational.RelationalDesign" name="Relational_1" id="271544BB-9148-818F-A78B-8B15D2459307" mainViewID="AAC217FE-2A05-552B-4D49-BD402F88B863">
<createdBy>margo</createdBy>
<createdTime>2020-10-27 23:24:29 UTC</createdTime>
<ownerDesignName>ERLOGICOFINAL</ownerDesignName>
<shouldBeOpen>false</shouldBeOpen>
<selectedRDBMSSite>32076570-2523-435C-2E92-BF29817DFF70</selectedRDBMSSite>
</relationalModel>