<?xml version = '1.0' encoding = 'UTF-8'?>
<Diagram class="oracle.dbtools.crest.swingui.relational.DPVRelational" name="Relational_1" id="AAC217FE-2A05-552B-4D49-BD402F88B863">
<createdBy>margo</createdBy>
<modifiedBy>margo</modifiedBy>
<createdTime>2020-10-27 23:30:37 UTC</createdTime>
<autoRoute>false</autoRoute>
<boxInbox>true</boxInbox>
<showLegend>false</showLegend>
<showLabels>false</showLabels>
<showRelAttributes>false</showRelAttributes>
<gridEnabled>false</gridEnabled>
<showGrid>false</showGrid>
<diagramColor>-1</diagramColor>
<display>false</display>
<notation>1</notation>
<objectViews>
<OView class="oracle.dbtools.crest.swingui.relational.TVTable" oid="0A38A689-C9A7-CC1E-B61F-1F93FE80A352" otype="Table" vid="3A31E5B9-1335-9001-82A8-F1C7CD4A1C9A">
<hideElementsInCurrentOnly>false</hideElementsInCurrentOnly>
<bounds x="751" y="50" width="369" height="158"/>
</OView>
<OView class="oracle.dbtools.crest.swingui.relational.TVTable" oid="0D10D849-0C4B-087D-93B8-11C350F11352" otype="Table" vid="D3BA7E5E-999F-7C24-69FE-4210559286B4">
<hideElementsInCurrentOnly>false</hideElementsInCurrentOnly>
<bounds x="472" y="719" width="337" height="267"/>
</OView>
<OView class="oracle.dbtools.crest.swingui.relational.TVTable" oid="1B6EF6DE-6C76-3F7B-7BCB-03A13FE72F55" otype="Table" vid="FD913BDF-B0E1-5827-E285-88C449415045">
<hideElementsInCurrentOnly>false</hideElementsInCurrentOnly>
<bounds x="701" y="270" width="289" height="197"/>
</OView>
<OView class="oracle.dbtools.crest.swingui.relational.TVTable" oid="1B8C0307-6A70-7CA0-086E-23FDB4D62AFB" otype="Table" vid="DE63A3FB-B0FF-B3C2-9960-D74347A60047">
<hideElementsInCurrentOnly>false</hideElementsInCurrentOnly>
<bounds x="2291" y="18" width="375" height="205"/>
</OView>
<OView class="oracle.dbtools.crest.swingui.relational.TVTable" oid="2ABF7613-F110-B764-CA09-9A1E92EB3DB0" otype="Table" vid="0E366DF7-574E-D0AC-9736-49BF4E98207D">
<hideElementsInCurrentOnly>false</hideElementsInCurrentOnly>
<bounds x="23" y="344" width="256" height="181"/>
</OView>
<OView class="oracle.dbtools.crest.swingui.relational.TVTable" oid="3DEBB3B4-A171-E73A-BD54-EBC95F0542B7" otype="Table" vid="023AE76B-F4F7-8B9D-7327-E50D517C28D5">
<hideElementsInCurrentOnly>false</hideElementsInCurrentOnly>
<bounds x="2549" y="251" width="343" height="155"/>
</OView>
<OView class="oracle.dbtools.crest.swingui.relational.TVTable" oid="4C97209A-A3A5-F1B5-757E-A88831C9EEF6" otype="Table" vid="22E725D1-322B-F227-A2FB-6C4C22ECE266">
<hideElementsInCurrentOnly>false</hideElementsInCurrentOnly>
<bounds x="63" y="45" width="281" height="206"/>
</OView>
<OView class="oracle.dbtools.crest.swingui.relational.TVTable" oid="73458CD3-C625-6369-C254-AE5490D00FEE" otype="Table" vid="56AD2011-8E8B-8D5E-7845-A06B16F46C04">
<hideElementsInCurrentOnly>false</hideElementsInCurrentOnly>
<bounds x="864" y="760" width="246" height="91"/>
</OView>
<OView class="oracle.dbtools.crest.swingui.relational.TVTable" oid="854E79FA-A782-90E6-D6C7-D03D76B0419B" otype="Table" vid="65165639-9710-510D-DED6-AF84A0F53510">
<hideElementsInCurrentOnly>false</hideElementsInCurrentOnly>
<bounds x="2254" y="893" width="228" height="87"/>
</OView>
<OView class="oracle.dbtools.crest.swingui.relational.TVTable" oid="9060F2DD-3FDE-7C52-7273-837CA91745A8" otype="Table" vid="F662FB8A-11F2-7DC8-FDCC-A79A96B8DC70">
<hideElementsInCurrentOnly>false</hideElementsInCurrentOnly>
<bounds x="1904" y="49" width="333" height="141"/>
</OView>
<OView class="oracle.dbtools.crest.swingui.relational.TVTable" oid="A4D0760E-DA01-0DB1-0E06-BC9D51ABC36A" otype="Table" vid="CA6EAC5C-1FC8-8DAA-72F6-46A593DBF6B2">
<hideElementsInCurrentOnly>false</hideElementsInCurrentOnly>
<bounds x="2638" y="774" width="306" height="154"/>
</OView>
<OView class="oracle.dbtools.crest.swingui.relational.TVTable" oid="A6003E2A-24AF-E2F2-6E91-D13018F47D30" otype="Table" vid="26FF93A6-403D-4051-F082-7641ABA3929B">
<hideElementsInCurrentOnly>false</hideElementsInCurrentOnly>
<bounds x="422" y="35" width="240" height="167"/>
</OView>
<OView class="oracle.dbtools.crest.swingui.relational.TVTable" oid="A63BD7F8-2DC3-B6C5-0F63-1BAE3DFFE7B6" otype="Table" vid="D8ED01C6-CF89-3904-2F14-F43BCD8668A3">
<hideElementsInCurrentOnly>false</hideElementsInCurrentOnly>
<bounds x="1969" y="682" width="266" height="129"/>
</OView>
<OView class="oracle.dbtools.crest.swingui.relational.TVTable" oid="AC90691F-8661-C9FC-A229-F71A37284FC9" otype="Table" vid="98757344-BC5F-2198-A26A-67F49F6A1292">
<hideElementsInCurrentOnly>false</hideElementsInCurrentOnly>
<bounds x="1480" y="506" width="243" height="166"/>
</OView>
<OView class="oracle.dbtools.crest.swingui.relational.TVTable" oid="AFDF9501-4AA8-5685-49F9-D53439DDF7EF" otype="Table" vid="BEC4C713-9AD5-EF55-6618-E85A488D20C6">
<hideElementsInCurrentOnly>false</hideElementsInCurrentOnly>
<bounds x="38" y="627" width="351" height="116"/>
</OView>
<OView class="oracle.dbtools.crest.swingui.relational.TVTable" oid="BCA5D7EF-8B40-B549-96F2-6E9A3896DB7A" otype="Table" vid="504642C6-067E-4781-4601-F46DDD36217A">
<hideElementsInCurrentOnly>false</hideElementsInCurrentOnly>
<bounds x="1002" y="490" width="218" height="139"/>
</OView>
<OView class="oracle.dbtools.crest.swingui.relational.TVTable" oid="D0228C9D-DB0D-187B-B08E-446FD7CD86D1" otype="Table" vid="79D09526-C915-03AF-6B1C-7E1C3E2EF85D">
<hideElementsInCurrentOnly>false</hideElementsInCurrentOnly>
<bounds x="2569" y="464" width="388" height="284"/>
</OView>
<OView class="oracle.dbtools.crest.swingui.relational.TVTable" oid="DF6B5FAB-8B0E-AA05-601D-9201A12DEE64" otype="Table" vid="C1BB9065-C11D-9B7B-E39C-A12644E91E54">
<hideElementsInCurrentOnly>false</hideElementsInCurrentOnly>
<bounds x="1649" y="956" width="358" height="213"/>
</OView>
<OView class="oracle.dbtools.crest.swingui.relational.TVTable" oid="F6B0EBD4-48A3-51ED-F62B-442D47B120F9" otype="Table" vid="7859D782-79EE-6FD1-2438-3D68F6916323">
<hideElementsInCurrentOnly>false</hideElementsInCurrentOnly>
<bounds x="1218" y="882" width="240" height="174"/>
</OView>
<OView class="oracle.dbtools.crest.swingui.relational.TVTable" oid="F9B030F4-37C5-9384-5FF8-A84C5F8929ED" otype="Table" vid="643F96CE-147B-0F78-84A7-7DF8D77A00FC">
<hideElementsInCurrentOnly>false</hideElementsInCurrentOnly>
<bounds x="1737" y="248" width="356" height="250"/>
</OView>
</objectViews>
<connectors>
<Connector class="oracle.dbtools.crest.swingui.relational.TVFKRelation" oid="12D1B7F6-C8F2-C01B-D09F-C4723E69DAF6" otype="FKIndexAssociation" vid_source="56AD2011-8E8B-8D5E-7845-A06B16F46C04" vid_target="D3BA7E5E-999F-7C24-69FE-4210559286B4">
<hideElementsInCurrentOnly>false</hideElementsInCurrentOnly>
<backgroundColor>-16777216</backgroundColor>
<lineWidth>1</lineWidth>
<points>
<point x="973" y="851"/>
<point x="973" y="895"/>
<point x="635" y="894"/>
<point x="635" y="986"/>
</points>
</Connector>
<Connector class="oracle.dbtools.crest.swingui.relational.TVFKRelation" oid="4BEED747-8C73-2AC0-6E11-B777496B69A1" otype="FKIndexAssociation" vid_source="0E366DF7-574E-D0AC-9736-49BF4E98207D" vid_target="22E725D1-322B-F227-A2FB-6C4C22ECE266">
<hideElementsInCurrentOnly>false</hideElementsInCurrentOnly>
<backgroundColor>-16777216</backgroundColor>
<lineWidth>1</lineWidth>
<points>
<point x="171" y="344"/>
<point x="171" y="251"/>
</points>
</Connector>
<Connector class="oracle.dbtools.crest.swingui.relational.TVFKRelation" oid="4D6B386A-1BAC-AC9C-4670-21A4CD3488EE" otype="FKIndexAssociation" vid_source="D8ED01C6-CF89-3904-2F14-F43BCD8668A3" vid_target="C1BB9065-C11D-9B7B-E39C-A12644E91E54">
<hideElementsInCurrentOnly>false</hideElementsInCurrentOnly>
<backgroundColor>-16777216</backgroundColor>
<lineWidth>1</lineWidth>
<points>
<point x="2088" y="811"/>
<point x="1988" y="956"/>
</points>
</Connector>
<Connector class="oracle.dbtools.crest.swingui.relational.TVFKRelation" oid="4F026382-BE32-4A57-CFAC-149BD068E5A8" otype="FKIndexAssociation" vid_source="504642C6-067E-4781-4601-F46DDD36217A" vid_target="7859D782-79EE-6FD1-2438-3D68F6916323">
<hideElementsInCurrentOnly>false</hideElementsInCurrentOnly>
<backgroundColor>-16777216</backgroundColor>
<lineWidth>1</lineWidth>
<points>
<point x="1127" y="629"/>
<point x="1127" y="891"/>
<point x="1218" y="891"/>
</points>
</Connector>
<Connector class="oracle.dbtools.crest.swingui.relational.TVFKRelation" oid="518FF1B8-96B0-9CAA-0293-6B52FA6376D5" otype="FKIndexAssociation" vid_source="643F96CE-147B-0F78-84A7-7DF8D77A00FC" vid_target="023AE76B-F4F7-8B9D-7327-E50D517C28D5">
<hideElementsInCurrentOnly>false</hideElementsInCurrentOnly>
<backgroundColor>-16777216</backgroundColor>
<lineWidth>1</lineWidth>
<points>
<point x="2093" y="328"/>
<point x="2549" y="328"/>
</points>
</Connector>
<Connector class="oracle.dbtools.crest.swingui.relational.TVFKRelation" oid="541E1D84-B0E0-4FB3-641D-9D66CA7D9E81" otype="FKIndexAssociation" vid_source="643F96CE-147B-0F78-84A7-7DF8D77A00FC" vid_target="F662FB8A-11F2-7DC8-FDCC-A79A96B8DC70">
<hideElementsInCurrentOnly>false</hideElementsInCurrentOnly>
<backgroundColor>-16777216</backgroundColor>
<lineWidth>1</lineWidth>
<points>
<point x="1832" y="248"/>
<point x="1832" y="91"/>
<point x="1904" y="91"/>
</points>
</Connector>
<Connector class="oracle.dbtools.crest.swingui.relational.TVFKRelation" oid="5CDBF751-1FA4-8136-FE95-0CC5AC7B68C9" otype="FKIndexAssociation" vid_source="7859D782-79EE-6FD1-2438-3D68F6916323" vid_target="643F96CE-147B-0F78-84A7-7DF8D77A00FC">
<hideElementsInCurrentOnly>false</hideElementsInCurrentOnly>
<backgroundColor>-16777216</backgroundColor>
<lineWidth>1</lineWidth>
<points>
<point x="1458" y="903"/>
<point x="1848" y="903"/>
<point x="1848" y="498"/>
</points>
</Connector>
<Connector class="oracle.dbtools.crest.swingui.relational.TVFKRelation" oid="77B0662B-72A7-4F3A-DD4B-DFEC9F18AFFE" otype="FKIndexAssociation" vid_source="D8ED01C6-CF89-3904-2F14-F43BCD8668A3" vid_target="79D09526-C915-03AF-6B1C-7E1C3E2EF85D">
<hideElementsInCurrentOnly>false</hideElementsInCurrentOnly>
<backgroundColor>-16777216</backgroundColor>
<lineWidth>1</lineWidth>
<points>
<point x="2042" y="682"/>
<point x="2042" y="583"/>
<point x="2569" y="583"/>
</points>
</Connector>
<Connector class="oracle.dbtools.crest.swingui.relational.TVFKRelation" oid="807BA2B2-084C-E0AB-B9E4-22EE8A24A60A" otype="FKIndexAssociation" vid_source="D8ED01C6-CF89-3904-2F14-F43BCD8668A3" vid_target="CA6EAC5C-1FC8-8DAA-72F6-46A593DBF6B2">
<hideElementsInCurrentOnly>false</hideElementsInCurrentOnly>
<backgroundColor>-16777216</backgroundColor>
<lineWidth>1</lineWidth>
<points>
<point x="2235" y="792"/>
<point x="2638" y="792"/>
</points>
</Connector>
<Connector class="oracle.dbtools.crest.swingui.relational.TVFKRelation" oid="85B64FB4-E099-8BA8-5A8E-EC8AE4792399" otype="FKIndexAssociation" vid_source="65165639-9710-510D-DED6-AF84A0F53510" vid_target="C1BB9065-C11D-9B7B-E39C-A12644E91E54">
<hideElementsInCurrentOnly>false</hideElementsInCurrentOnly>
<backgroundColor>-16777216</backgroundColor>
<lineWidth>1</lineWidth>
<points>
<point x="2328" y="980"/>
<point x="2007" y="968"/>
</points>
</Connector>
<Connector class="oracle.dbtools.crest.swingui.relational.TVFKRelation" oid="A972AD5A-2E73-26C7-67FE-E82F84D0B6A7" otype="FKIndexAssociation" vid_source="0E366DF7-574E-D0AC-9736-49BF4E98207D" vid_target="FD913BDF-B0E1-5827-E285-88C449415045">
<hideElementsInCurrentOnly>false</hideElementsInCurrentOnly>
<backgroundColor>-16777216</backgroundColor>
<lineWidth>1</lineWidth>
<points>
<point x="279" y="405"/>
<point x="701" y="405"/>
</points>
</Connector>
<Connector class="oracle.dbtools.crest.swingui.relational.TVFKRelation" oid="A9B3A9DD-2DD9-2C38-DD21-DF406FB673A1" otype="FKIndexAssociation" vid_source="504642C6-067E-4781-4601-F46DDD36217A" vid_target="D3BA7E5E-999F-7C24-69FE-4210559286B4">
<hideElementsInCurrentOnly>false</hideElementsInCurrentOnly>
<backgroundColor>-16777216</backgroundColor>
<lineWidth>1</lineWidth>
<points>
<point x="1002" y="571"/>
<point x="609" y="571"/>
<point x="609" y="719"/>
</points>
</Connector>
<Connector class="oracle.dbtools.crest.swingui.relational.TVFKRelation" oid="B052D799-65AF-820E-8960-05D5226F5461" otype="FKIndexAssociation" vid_source="98757344-BC5F-2198-A26A-67F49F6A1292" vid_target="C1BB9065-C11D-9B7B-E39C-A12644E91E54">
<hideElementsInCurrentOnly>false</hideElementsInCurrentOnly>
<backgroundColor>-16777216</backgroundColor>
<lineWidth>1</lineWidth>
<points>
<point x="1701" y="672"/>
<point x="1716" y="956"/>
</points>
</Connector>
<Connector class="oracle.dbtools.crest.swingui.relational.TVFKRelation" oid="B3A5232C-8B89-C5AC-8CE6-133A931291F8" otype="FKIndexAssociation" vid_source="643F96CE-147B-0F78-84A7-7DF8D77A00FC" vid_target="DE63A3FB-B0FF-B3C2-9960-D74347A60047">
<hideElementsInCurrentOnly>false</hideElementsInCurrentOnly>
<backgroundColor>-16777216</backgroundColor>
<lineWidth>1</lineWidth>
<points>
<point x="2093" y="274"/>
<point x="2382" y="274"/>
<point x="2382" y="223"/>
</points>
</Connector>
<Connector class="oracle.dbtools.crest.swingui.relational.TVFKRelation" oid="B79DD0BF-72F2-3E95-B8C9-962AD2BE1EAF" otype="FKIndexAssociation" vid_source="7859D782-79EE-6FD1-2438-3D68F6916323" vid_target="C1BB9065-C11D-9B7B-E39C-A12644E91E54">
<hideElementsInCurrentOnly>false</hideElementsInCurrentOnly>
<backgroundColor>-16777216</backgroundColor>
<lineWidth>1</lineWidth>
<points>
<point x="1373" y="1056"/>
<point x="1649" y="1021"/>
</points>
</Connector>
<Connector class="oracle.dbtools.crest.swingui.relational.TVFKRelation" oid="BC58B8E5-FDBD-9052-24D0-0033BECD214B" otype="FKIndexAssociation" vid_source="D3BA7E5E-999F-7C24-69FE-4210559286B4" vid_target="79D09526-C915-03AF-6B1C-7E1C3E2EF85D">
<hideElementsInCurrentOnly>false</hideElementsInCurrentOnly>
<backgroundColor>-16777216</backgroundColor>
<lineWidth>1</lineWidth>
<points>
<point x="574" y="986"/>
<point x="574" y="1202"/>
<point x="3053" y="1205"/>
<point x="3052" y="562"/>
<point x="2957" y="562"/>
</points>
</Connector>
<Connector class="oracle.dbtools.crest.swingui.relational.TVFKRelation" oid="BEC6D1B2-3E19-14A7-9116-C0F611B7C5CF" otype="FKIndexAssociation" vid_source="0E366DF7-574E-D0AC-9736-49BF4E98207D" vid_target="BEC4C713-9AD5-EF55-6618-E85A488D20C6">
<hideElementsInCurrentOnly>false</hideElementsInCurrentOnly>
<backgroundColor>-16777216</backgroundColor>
<lineWidth>1</lineWidth>
<points>
<point x="158" y="525"/>
<point x="158" y="627"/>
</points>
</Connector>
<Connector class="oracle.dbtools.crest.swingui.relational.TVFKRelation" oid="C16D8EBC-ADA9-97BA-7B12-7576E466E2BD" otype="FKIndexAssociation" vid_source="26FF93A6-403D-4051-F082-7641ABA3929B" vid_target="BEC4C713-9AD5-EF55-6618-E85A488D20C6">
<hideElementsInCurrentOnly>false</hideElementsInCurrentOnly>
<backgroundColor>-16777216</backgroundColor>
<lineWidth>1</lineWidth>
<points>
<point x="433" y="202"/>
<point x="433" y="676"/>
<point x="389" y="676"/>
</points>
</Connector>
<Connector class="oracle.dbtools.crest.swingui.relational.TVFKRelation" oid="C763BC0C-8ADD-F8F9-4FBE-D61A06A8B554" otype="FKIndexAssociation" vid_source="3A31E5B9-1335-9001-82A8-F1C7CD4A1C9A" vid_target="643F96CE-147B-0F78-84A7-7DF8D77A00FC">
<hideElementsInCurrentOnly>false</hideElementsInCurrentOnly>
<backgroundColor>-16777216</backgroundColor>
<lineWidth>1</lineWidth>
<points>
<point x="1120" y="132"/>
<point x="1763" y="132"/>
<point x="1763" y="248"/>
</points>
</Connector>
<Connector class="oracle.dbtools.crest.swingui.relational.TVFKRelation" oid="CF9C4527-8C46-E5FF-FDAF-1B20D5242B9E" otype="FKIndexAssociation" vid_source="98757344-BC5F-2198-A26A-67F49F6A1292" vid_target="79D09526-C915-03AF-6B1C-7E1C3E2EF85D">
<hideElementsInCurrentOnly>false</hideElementsInCurrentOnly>
<backgroundColor>-16777216</backgroundColor>
<lineWidth>1</lineWidth>
<points>
<point x="1723" y="604"/>
<point x="2569" y="604"/>
</points>
</Connector>
<Connector class="oracle.dbtools.crest.swingui.relational.TVFKRelation" oid="D74D82A8-0B62-B907-A85A-D446B3F5A78D" otype="FKIndexAssociation" vid_source="26FF93A6-403D-4051-F082-7641ABA3929B" vid_target="3A31E5B9-1335-9001-82A8-F1C7CD4A1C9A">
<hideElementsInCurrentOnly>false</hideElementsInCurrentOnly>
<backgroundColor>-16777216</backgroundColor>
<lineWidth>1</lineWidth>
<points>
<point x="662" y="141"/>
<point x="751" y="141"/>
</points>
</Connector>
<Connector class="oracle.dbtools.crest.swingui.relational.TVFKRelation" oid="DC74D8ED-6DC8-5C61-0918-054D12F017F9" otype="FKIndexAssociation" vid_source="98757344-BC5F-2198-A26A-67F49F6A1292" vid_target="643F96CE-147B-0F78-84A7-7DF8D77A00FC">
<hideElementsInCurrentOnly>false</hideElementsInCurrentOnly>
<backgroundColor>-16777216</backgroundColor>
<lineWidth>1</lineWidth>
<points>
<point x="1604" y="506"/>
<point x="1604" y="304"/>
<point x="1737" y="304"/>
</points>
</Connector>
<Connector class="oracle.dbtools.crest.swingui.relational.TVFKRelation" oid="F23AC239-0AAA-2269-B6D6-D8CC98DB3D2D" otype="FKIndexAssociation" vid_source="CA6EAC5C-1FC8-8DAA-72F6-46A593DBF6B2" vid_target="79D09526-C915-03AF-6B1C-7E1C3E2EF85D">
<hideElementsInCurrentOnly>false</hideElementsInCurrentOnly>
<backgroundColor>-16777216</backgroundColor>
<lineWidth>1</lineWidth>
<points>
<point x="2791" y="774"/>
<point x="2791" y="748"/>
</points>
</Connector>
<Connector class="oracle.dbtools.crest.swingui.relational.TVFKRelation" oid="F6348455-0991-5890-E01C-79BDDD68595D" otype="FKIndexAssociation" vid_source="504642C6-067E-4781-4601-F46DDD36217A" vid_target="98757344-BC5F-2198-A26A-67F49F6A1292">
<hideElementsInCurrentOnly>false</hideElementsInCurrentOnly>
<backgroundColor>-16777216</backgroundColor>
<lineWidth>1</lineWidth>
<points>
<point x="1220" y="582"/>
<point x="1480" y="582"/>
</points>
</Connector>
<Connector class="oracle.dbtools.crest.swingui.relational.TVFKRelation" oid="F6E6FE46-9392-430B-8F91-D5FEC46B1ACA" otype="FKIndexAssociation" vid_source="504642C6-067E-4781-4601-F46DDD36217A" vid_target="FD913BDF-B0E1-5827-E285-88C449415045">
<hideElementsInCurrentOnly>false</hideElementsInCurrentOnly>
<backgroundColor>-16777216</backgroundColor>
<lineWidth>1</lineWidth>
<points>
<point x="1095" y="490"/>
<point x="1095" y="322"/>
<point x="990" y="322"/>
</points>
</Connector>
</connectors>
</Diagram>