<?xml version = '1.0' encoding = 'UTF-8'?>
<Relation class="oracle.dbtools.crest.model.design.logical.Relation" name="CITA LABO FK" directorySegmentName="seg_0" id="01F3E69C-0DFF-5F86-77A2-80ACCDD581CA">
<createdBy>margo</createdBy>
<createdTime>2020-10-28 00:04:26 UTC</createdTime>
<ownerDesignName>ERLOGICOFINAL</ownerDesignName>
<engineerTo>
<item key="271544BB-9148-818F-A78B-8B15D2459307" value="true"/>
</engineerTo>
<sourcePk>EC8F2460-465B-6B32-07A0-DE17DC6BFFDE</sourcePk>
<identifying>false</identifying>
<optionalSource>true</optionalSource>
<optionalTarget>false</optionalTarget>
<sourceCardinality>1</sourceCardinality>
<sourceEntity>7B18BEAB-E294-F082-40E9-BF3F34650B79</sourceEntity>
<targetCardinalityString>*</targetCardinalityString>
<targetEntity>6F1701EE-5286-E76E-DA7C-69A863629719</targetEntity>
<transferable>true</transferable>
<deleteRule>NO ACTION</deleteRule>
</Relation>