<?xml version = '1.0' encoding = 'UTF-8'?>
<Relation class="oracle.dbtools.crest.model.design.logical.Relation" name="FACTURA CAJA FK" directorySegmentName="seg_0" id="0CEAFEC6-2C08-15BF-DA03-278A893C8CF3">
<createdBy>margo</createdBy>
<createdTime>2020-10-28 00:08:09 UTC</createdTime>
<ownerDesignName>ERLOGICOFINAL</ownerDesignName>
<engineerTo>
<item key="271544BB-9148-818F-A78B-8B15D2459307" value="true"/>
</engineerTo>
<sourcePk>EC78FE3A-A583-9A9C-E663-118F2A898B8D</sourcePk>
<identifying>false</identifying>
<optionalSource>true</optionalSource>
<optionalTarget>false</optionalTarget>
<sourceCardinality>1</sourceCardinality>
<sourceEntity>38575944-233A-CC8E-83DE-75783E58B88B</sourceEntity>
<targetCardinalityString>*</targetCardinalityString>
<targetEntity>008FB4EB-057B-EB08-2B18-C651D761DACF</targetEntity>
<transferable>true</transferable>
<deleteRule>NO ACTION</deleteRule>
</Relation>