<?xml version = '1.0' encoding = 'UTF-8'?>
<Relation class="oracle.dbtools.crest.model.design.logical.Relation" name="SIG VITAL CLIENTE FK" directorySegmentName="seg_0" id="14559975-DF18-E658-DC82-7FCAA6A999C0">
<createdBy>margo</createdBy>
<createdTime>2020-10-28 00:15:03 UTC</createdTime>
<ownerDesignName>ERLOGICOFINAL</ownerDesignName>
<engineerTo>
<item key="271544BB-9148-818F-A78B-8B15D2459307" value="true"/>
</engineerTo>
<sourcePk>E0BDBC69-C0CC-D866-E080-459886718AE8</sourcePk>
<identifying>false</identifying>
<optionalSource>true</optionalSource>
<optionalTarget>false</optionalTarget>
<sourceCardinality>1</sourceCardinality>
<sourceEntity>078536A5-C6F3-18F0-97E9-0317CCCD4A0E</sourceEntity>
<targetCardinalityString>*</targetCardinalityString>
<targetEntity>E91776D2-72FA-E722-3B51-2B1A4CD96A16</targetEntity>
<transferable>true</transferable>
<deleteRule>NO ACTION</deleteRule>
</Relation>