<?xml version = '1.0' encoding = 'UTF-8'?>
<Relation class="oracle.dbtools.crest.model.design.logical.Relation" name="CITA SERVICIO FK" directorySegmentName="seg_0" id="20B097DA-DB44-A20A-DCAE-6C3AE77683A7">
<createdBy>margo</createdBy>
<createdTime>2020-10-28 00:05:25 UTC</createdTime>
<ownerDesignName>ERLOGICOFINAL</ownerDesignName>
<engineerTo>
<item key="271544BB-9148-818F-A78B-8B15D2459307" value="true"/>
</engineerTo>
<sourcePk>D2AEBD2B-B885-8F4D-0080-763F73C790C1</sourcePk>
<identifying>false</identifying>
<optionalSource>true</optionalSource>
<optionalTarget>false</optionalTarget>
<sourceCardinality>1</sourceCardinality>
<sourceEntity>955C7F60-3D27-AE1B-B547-2413CE0D47E0</sourceEntity>
<targetCardinalityString>*</targetCardinalityString>
<targetEntity>6F1701EE-5286-E76E-DA7C-69A863629719</targetEntity>
<transferable>true</transferable>
<deleteRule>NO ACTION</deleteRule>
</Relation>