<?xml version = '1.0' encoding = 'UTF-8'?>
<Relation class="oracle.dbtools.crest.model.design.logical.Relation" name="CUENT A PAG PROVEEDOR FK" directorySegmentName="seg_0" id="220123AA-F2AD-0200-3183-BB7A883A9261">
<createdBy>margo</createdBy>
<createdTime>2020-10-27 23:38:22 UTC</createdTime>
<ownerDesignName>ERLOGICOFINAL</ownerDesignName>
<engineerTo>
<item key="271544BB-9148-818F-A78B-8B15D2459307" value="true"/>
</engineerTo>
<sourcePk>14D20D37-C655-F51A-1EAD-8C949CAA87EB</sourcePk>
<identifying>false</identifying>
<optionalSource>true</optionalSource>
<optionalTarget>false</optionalTarget>
<sourceCardinality>1</sourceCardinality>
<sourceEntity>07035F81-D15C-F61D-5ADE-5E034200361F</sourceEntity>
<targetCardinalityString>*</targetCardinalityString>
<targetEntity>76E4F1FA-1D77-7023-510E-2AFAECC2360C</targetEntity>
<transferable>true</transferable>
<deleteRule>NO ACTION</deleteRule>
</Relation>