<?xml version = '1.0' encoding = 'UTF-8'?>
<Relation class="oracle.dbtools.crest.model.design.logical.Relation" name="EXPED EMPLEADO FK" directorySegmentName="seg_0" id="29018F7E-040E-32E4-E9E4-FDD65C01D9EF">
<createdBy>margo</createdBy>
<createdTime>2020-10-28 00:19:23 UTC</createdTime>
<ownerDesignName>ERLOGICOFINAL</ownerDesignName>
<engineerTo>
<item key="271544BB-9148-818F-A78B-8B15D2459307" value="true"/>
</engineerTo>
<sourcePk>1D1497C6-899F-6CB4-F56E-6D0BE540C45E</sourcePk>
<identifying>false</identifying>
<optionalSource>true</optionalSource>
<optionalTarget>false</optionalTarget>
<sourceCardinality>1</sourceCardinality>
<sourceEntity>C0B64C9E-A422-A84F-547E-F3BAFB82C23D</sourceEntity>
<targetCardinalityString>*</targetCardinalityString>
<targetEntity>0389637E-BE9B-664B-36BE-98BB2F60ABEF</targetEntity>
<transferable>true</transferable>
<deleteRule>NO ACTION</deleteRule>
</Relation>