<?xml version = '1.0' encoding = 'UTF-8'?>
<Relation class="oracle.dbtools.crest.model.design.logical.Relation" name="COBRO CAJA FK" directorySegmentName="seg_0" id="321EE44C-70A5-1CDA-A5C8-957ED0638A4A">
<createdBy>margo</createdBy>
<createdTime>2020-10-28 00:07:42 UTC</createdTime>
<ownerDesignName>ERLOGICOFINAL</ownerDesignName>
<engineerTo>
<item key="271544BB-9148-818F-A78B-8B15D2459307" value="true"/>
</engineerTo>
<sourcePk>EC78FE3A-A583-9A9C-E663-118F2A898B8D</sourcePk>
<identifying>false</identifying>
<optionalSource>true</optionalSource>
<optionalTarget>false</optionalTarget>
<sourceCardinality>1</sourceCardinality>
<sourceEntity>38575944-233A-CC8E-83DE-75783E58B88B</sourceEntity>
<targetCardinalityString>*</targetCardinalityString>
<targetEntity>8D5705FD-D3B1-B41C-3B49-200CCC04BF23</targetEntity>
<transferable>true</transferable>
<deleteRule>NO ACTION</deleteRule>
</Relation>