<?xml version = '1.0' encoding = 'UTF-8'?>
<Relation class="oracle.dbtools.crest.model.design.logical.Relation" name="CUAD CAJA CAJA FK" directorySegmentName="seg_0" id="35ED3E4D-BA51-44B0-BE2A-FF9CF2BF1D2E">
<createdBy>margo</createdBy>
<createdTime>2020-10-28 00:12:00 UTC</createdTime>
<ownerDesignName>ERLOGICOFINAL</ownerDesignName>
<engineerTo>
<item key="271544BB-9148-818F-A78B-8B15D2459307" value="true"/>
</engineerTo>
<sourcePk>EC78FE3A-A583-9A9C-E663-118F2A898B8D</sourcePk>
<identifying>false</identifying>
<optionalSource>true</optionalSource>
<optionalTarget>false</optionalTarget>
<sourceCardinality>1</sourceCardinality>
<sourceEntity>38575944-233A-CC8E-83DE-75783E58B88B</sourceEntity>
<targetCardinalityString>1</targetCardinalityString>
<targetEntity>66462DF2-46CE-38B6-D8A7-298A008C9EC2</targetEntity>
<transferable>true</transferable>
<deleteRule>NO ACTION</deleteRule>
</Relation>