<?xml version = '1.0' encoding = 'UTF-8'?>
<Relation class="oracle.dbtools.crest.model.design.logical.Relation" name="FARMACIA SEDE FK" directorySegmentName="seg_0" id="3DFC15B2-8C6D-E79C-9863-2C3E80D9134E">
<createdBy>margo</createdBy>
<createdTime>2020-10-27 23:46:38 UTC</createdTime>
<ownerDesignName>ERLOGICOFINAL</ownerDesignName>
<engineerTo>
<item key="271544BB-9148-818F-A78B-8B15D2459307" value="true"/>
</engineerTo>
<sourcePk>6E96C2BE-3170-93FC-C97E-6E373BAD5D9D</sourcePk>
<identifying>false</identifying>
<optionalSource>true</optionalSource>
<optionalTarget>false</optionalTarget>
<sourceCardinality>1</sourceCardinality>
<sourceEntity>C729F73F-BA89-96D8-4E9B-FA545C210C11</sourceEntity>
<targetCardinalityString>*</targetCardinalityString>
<targetEntity>AFEE8D6F-1758-DFBD-3867-11C4A76562B0</targetEntity>
<transferable>true</transferable>
<deleteRule>NO ACTION</deleteRule>
</Relation>