<?xml version = '1.0' encoding = 'UTF-8'?>
<Relation class="oracle.dbtools.crest.model.design.logical.Relation" name="EXPED CLIENTE FK" directorySegmentName="seg_0" id="3EBFCB8A-A3B9-5D5E-C793-7C21B446F674">
<createdBy>margo</createdBy>
<createdTime>2020-10-28 00:17:47 UTC</createdTime>
<ownerDesignName>ERLOGICOFINAL</ownerDesignName>
<engineerTo>
<item key="271544BB-9148-818F-A78B-8B15D2459307" value="true"/>
</engineerTo>
<sourcePk>E0BDBC69-C0CC-D866-E080-459886718AE8</sourcePk>
<identifying>false</identifying>
<optionalSource>true</optionalSource>
<optionalTarget>false</optionalTarget>
<sourceCardinality>1</sourceCardinality>
<sourceEntity>078536A5-C6F3-18F0-97E9-0317CCCD4A0E</sourceEntity>
<targetCardinalityString>1</targetCardinalityString>
<targetEntity>0389637E-BE9B-664B-36BE-98BB2F60ABEF</targetEntity>
<transferable>true</transferable>
<deleteRule>NO ACTION</deleteRule>
</Relation>