<?xml version = '1.0' encoding = 'UTF-8'?>
<Relation class="oracle.dbtools.crest.model.design.logical.Relation" name="CAJA LABO FK" directorySegmentName="seg_0" id="62B81C42-56FA-35A9-5B8D-ED957BFF333E">
<createdBy>margo</createdBy>
<createdTime>2020-10-28 00:06:55 UTC</createdTime>
<ownerDesignName>ERLOGICOFINAL</ownerDesignName>
<engineerTo>
<item key="271544BB-9148-818F-A78B-8B15D2459307" value="true"/>
</engineerTo>
<sourcePk>EC8F2460-465B-6B32-07A0-DE17DC6BFFDE</sourcePk>
<identifying>false</identifying>
<optionalSource>true</optionalSource>
<optionalTarget>false</optionalTarget>
<sourceCardinality>1</sourceCardinality>
<sourceEntity>7B18BEAB-E294-F082-40E9-BF3F34650B79</sourceEntity>
<targetCardinalityString>*</targetCardinalityString>
<targetEntity>38575944-233A-CC8E-83DE-75783E58B88B</targetEntity>
<transferable>true</transferable>
<deleteRule>NO ACTION</deleteRule>
</Relation>