<?xml version = '1.0' encoding = 'UTF-8'?>
<Relation class="oracle.dbtools.crest.model.design.logical.Relation" name="LABO SEDE FK" directorySegmentName="seg_0" id="8C48572A-3D90-8476-F6D4-A0C13FA6EE95">
<createdBy>margo</createdBy>
<createdTime>2020-10-27 23:52:48 UTC</createdTime>
<ownerDesignName>ERLOGICOFINAL</ownerDesignName>
<engineerTo>
<item key="271544BB-9148-818F-A78B-8B15D2459307" value="true"/>
</engineerTo>
<sourcePk>6E96C2BE-3170-93FC-C97E-6E373BAD5D9D</sourcePk>
<identifying>false</identifying>
<optionalSource>true</optionalSource>
<optionalTarget>false</optionalTarget>
<sourceCardinality>1</sourceCardinality>
<sourceEntity>C729F73F-BA89-96D8-4E9B-FA545C210C11</sourceEntity>
<targetCardinalityString>*</targetCardinalityString>
<targetEntity>7B18BEAB-E294-F082-40E9-BF3F34650B79</targetEntity>
<transferable>true</transferable>
<deleteRule>NO ACTION</deleteRule>
</Relation>