<?xml version = '1.0' encoding = 'UTF-8'?>
<Relation class="oracle.dbtools.crest.model.design.logical.Relation" name="EMPLEADO ESPECIALIDAD FK" directorySegmentName="seg_0" id="95EC4747-15CF-D53A-55CC-52D7F65AD397">
<createdBy>margo</createdBy>
<createdTime>2020-10-27 23:44:18 UTC</createdTime>
<ownerDesignName>ERLOGICOFINAL</ownerDesignName>
<engineerTo>
<item key="271544BB-9148-818F-A78B-8B15D2459307" value="true"/>
</engineerTo>
<sourcePk>D312195F-0C30-5677-AB2A-B51D13959D84</sourcePk>
<identifying>false</identifying>
<optionalSource>true</optionalSource>
<optionalTarget>false</optionalTarget>
<sourceCardinality>1</sourceCardinality>
<sourceEntity>D5A8FA82-9FC9-5AF3-4613-D9E105A59B34</sourceEntity>
<targetCardinalityString>*</targetCardinalityString>
<targetEntity>C0B64C9E-A422-A84F-547E-F3BAFB82C23D</targetEntity>
<transferable>true</transferable>
<deleteRule>NO ACTION</deleteRule>
</Relation>