<?xml version = '1.0' encoding = 'UTF-8'?>
<Relation class="oracle.dbtools.crest.model.design.logical.Relation" name="CITA CLIENTE FK" directorySegmentName="seg_0" id="A05C668F-B6BE-4D1D-CBC6-DFC16A4EE862">
<createdBy>margo</createdBy>
<createdTime>2020-10-28 00:14:18 UTC</createdTime>
<ownerDesignName>ERLOGICOFINAL</ownerDesignName>
<engineerTo>
<item key="271544BB-9148-818F-A78B-8B15D2459307" value="true"/>
</engineerTo>
<sourcePk>E0BDBC69-C0CC-D866-E080-459886718AE8</sourcePk>
<identifying>false</identifying>
<optionalSource>true</optionalSource>
<optionalTarget>false</optionalTarget>
<sourceCardinality>1</sourceCardinality>
<sourceEntity>078536A5-C6F3-18F0-97E9-0317CCCD4A0E</sourceEntity>
<targetCardinalityString>*</targetCardinalityString>
<targetEntity>6F1701EE-5286-E76E-DA7C-69A863629719</targetEntity>
<transferable>true</transferable>
<deleteRule>NO ACTION</deleteRule>
</Relation>