<?xml version = '1.0' encoding = 'UTF-8'?>
<Relation class="oracle.dbtools.crest.model.design.logical.Relation" name="CAJA CUENT A PAG FK" directorySegmentName="seg_0" id="A4E24979-9D4D-7E9F-8085-20394C9B5B54">
<createdBy>margo</createdBy>
<createdTime>2020-10-28 00:07:12 UTC</createdTime>
<ownerDesignName>ERLOGICOFINAL</ownerDesignName>
<engineerTo>
<item key="271544BB-9148-818F-A78B-8B15D2459307" value="true"/>
</engineerTo>
<sourcePk>B86E9AF7-5E88-FF1C-629A-2859E0C0541B</sourcePk>
<identifying>false</identifying>
<optionalSource>true</optionalSource>
<optionalTarget>false</optionalTarget>
<sourceCardinality>1</sourceCardinality>
<sourceEntity>76E4F1FA-1D77-7023-510E-2AFAECC2360C</sourceEntity>
<targetCardinalityString>*</targetCardinalityString>
<targetEntity>38575944-233A-CC8E-83DE-75783E58B88B</targetEntity>
<transferable>true</transferable>
<deleteRule>NO ACTION</deleteRule>
</Relation>