<?xml version = '1.0' encoding = 'UTF-8'?>
<Relation class="oracle.dbtools.crest.model.design.logical.Relation" name="INGR INSUMO BODEGA FK" directorySegmentName="seg_0" id="ADE2EE64-5014-28FD-F5F3-7D0EBDE2DF1A">
<createdBy>margo</createdBy>
<createdTime>2020-10-27 23:37:42 UTC</createdTime>
<ownerDesignName>ERLOGICOFINAL</ownerDesignName>
<engineerTo>
<item key="271544BB-9148-818F-A78B-8B15D2459307" value="true"/>
</engineerTo>
<sourcePk>AF1CEA22-E056-D8DA-6BC1-9B9AC2700413</sourcePk>
<identifying>false</identifying>
<optionalSource>true</optionalSource>
<optionalTarget>false</optionalTarget>
<sourceCardinality>1</sourceCardinality>
<sourceEntity>1435E526-A016-A50B-C759-33DFE8329275</sourceEntity>
<targetCardinalityString>*</targetCardinalityString>
<targetEntity>15D72654-CFBC-B007-A54C-37F5FD837F76</targetEntity>
<transferable>true</transferable>
<deleteRule>NO ACTION</deleteRule>
</Relation>