<?xml version = '1.0' encoding = 'UTF-8'?>
<Relation class="oracle.dbtools.crest.model.design.logical.Relation" name="CAJA CLINICA FK" directorySegmentName="seg_0" id="C9F4414A-30B3-DC8B-A3F2-EF0CE64563CB">
<createdBy>margo</createdBy>
<createdTime>2020-10-28 00:06:00 UTC</createdTime>
<ownerDesignName>ERLOGICOFINAL</ownerDesignName>
<engineerTo>
<item key="271544BB-9148-818F-A78B-8B15D2459307" value="true"/>
</engineerTo>
<sourcePk>2BF8D86D-3DA0-9935-9F8D-983FDE2D8F74</sourcePk>
<identifying>false</identifying>
<optionalSource>true</optionalSource>
<optionalTarget>false</optionalTarget>
<sourceCardinality>1</sourceCardinality>
<sourceEntity>095B9A22-B852-93F4-8BE3-23877C8322CC</sourceEntity>
<targetCardinalityString>*</targetCardinalityString>
<targetEntity>38575944-233A-CC8E-83DE-75783E58B88B</targetEntity>
<transferable>true</transferable>
<deleteRule>NO ACTION</deleteRule>
</Relation>