<?xml version = '1.0' encoding = 'UTF-8'?>
<Relation class="oracle.dbtools.crest.model.design.logical.Relation" name="CITA CLINICA FK" directorySegmentName="seg_0" id="DDCDB12E-C09D-6F51-5562-94C3872D6171">
<createdBy>margo</createdBy>
<createdTime>2020-10-27 23:53:25 UTC</createdTime>
<ownerDesignName>ERLOGICOFINAL</ownerDesignName>
<engineerTo>
<item key="271544BB-9148-818F-A78B-8B15D2459307" value="true"/>
</engineerTo>
<sourcePk>2BF8D86D-3DA0-9935-9F8D-983FDE2D8F74</sourcePk>
<identifying>false</identifying>
<optionalSource>true</optionalSource>
<optionalTarget>false</optionalTarget>
<sourceCardinality>1</sourceCardinality>
<sourceEntity>095B9A22-B852-93F4-8BE3-23877C8322CC</sourceEntity>
<targetCardinalityString>*</targetCardinalityString>
<targetEntity>6F1701EE-5286-E76E-DA7C-69A863629719</targetEntity>
<transferable>true</transferable>
<deleteRule>NO ACTION</deleteRule>
</Relation>