<?xml version = '1.0' encoding = 'UTF-8'?>
<Relation class="oracle.dbtools.crest.model.design.logical.Relation" name="EMPLEADO SEDE FK" directorySegmentName="seg_0" id="DF3A228D-2F0A-EA4A-5AB2-58C94DF2E8B9">
<createdBy>margo</createdBy>
<createdTime>2020-10-27 23:52:25 UTC</createdTime>
<ownerDesignName>ERLOGICOFINAL</ownerDesignName>
<engineerTo>
<item key="271544BB-9148-818F-A78B-8B15D2459307" value="true"/>
</engineerTo>
<sourcePk>6E96C2BE-3170-93FC-C97E-6E373BAD5D9D</sourcePk>
<identifying>false</identifying>
<optionalSource>true</optionalSource>
<optionalTarget>false</optionalTarget>
<sourceCardinality>1</sourceCardinality>
<sourceEntity>C729F73F-BA89-96D8-4E9B-FA545C210C11</sourceEntity>
<targetCardinalityString>*</targetCardinalityString>
<targetEntity>C0B64C9E-A422-A84F-547E-F3BAFB82C23D</targetEntity>
<transferable>true</transferable>
<deleteRule>NO ACTION</deleteRule>
</Relation>