<?xml version = '1.0' encoding = 'UTF-8'?>
<Relation class="oracle.dbtools.crest.model.design.logical.Relation" name="INSUMO BODEGA FK" directorySegmentName="seg_0" id="F51CD63C-1DA6-7770-21EA-679C5237CB79">
<createdBy>margo</createdBy>
<createdTime>2020-10-27 23:37:22 UTC</createdTime>
<ownerDesignName>ERLOGICOFINAL</ownerDesignName>
<engineerTo>
<item key="271544BB-9148-818F-A78B-8B15D2459307" value="true"/>
</engineerTo>
<sourcePk>AF1CEA22-E056-D8DA-6BC1-9B9AC2700413</sourcePk>
<identifying>false</identifying>
<optionalSource>true</optionalSource>
<optionalTarget>false</optionalTarget>
<sourceCardinality>1</sourceCardinality>
<sourceEntity>1435E526-A016-A50B-C759-33DFE8329275</sourceEntity>
<targetCardinalityString>*</targetCardinalityString>
<targetEntity>51301C4F-B873-5DA2-3493-CA493E745B4A</targetEntity>
<transferable>true</transferable>
<deleteRule>NO ACTION</deleteRule>
</Relation>