<?xml version = '1.0' encoding = 'UTF-8'?>
<Relation class="oracle.dbtools.crest.model.design.logical.Relation" name="EXPED SIG VITAL FK" directorySegmentName="seg_0" id="FBE7A482-AD1D-1516-EDAD-C28C7B5F9E87">
<createdBy>margo</createdBy>
<createdTime>2020-10-28 00:18:21 UTC</createdTime>
<ownerDesignName>ERLOGICOFINAL</ownerDesignName>
<engineerTo>
<item key="271544BB-9148-818F-A78B-8B15D2459307" value="true"/>
</engineerTo>
<sourcePk>E2FD5736-6FC4-492B-05CC-A4479B4A61C4</sourcePk>
<identifying>false</identifying>
<optionalSource>true</optionalSource>
<optionalTarget>false</optionalTarget>
<sourceCardinality>1</sourceCardinality>
<sourceEntity>E91776D2-72FA-E722-3B51-2B1A4CD96A16</sourceEntity>
<targetCardinalityString>*</targetCardinalityString>
<targetEntity>0389637E-BE9B-664B-36BE-98BB2F60ABEF</targetEntity>
<transferable>true</transferable>
<deleteRule>NO ACTION</deleteRule>
</Relation>